date,tmax,tmin,tmean,sun_hrs,snow_depth_cm,precip_mm,rad_W_m2,sl_press_hPA,hum_perc,cloud_cover_oktas
20200101,11,1.7,4.9,0,0,0,13,10293,90,7
20200102,10,4.7,7.8,0,0,20,13,10204,89,8
20200103,9,8,9,2.7,0,0,22,10214,81,4
20200104,9,2.2,5.6,1.4,0,0,36,10342,81,6
20200105,8.9,6,7.5,0,0,0,32,10332,82,8
20200106,13.1,6.6,7.8,0.4,0,8,24,10222,81,6
20200107,12.8,4.1,8.6,1.3,0,2,30,10218,92,6
20200108,13.4,7.9,10.3,0,0,10,37,10206,87,8
20200109,9.9,9.5,11.4,2.9,0,44,28,10069,86,6
20200110,11.4,5.5,7.7,3.5,0,0,43,10231,77,5
20200111,11.7,4.9,8.2,0.4,0,6,43,10242,81,7
20200112,11.2,9,10.3,2.8,0,4,27,10182,82,5
20200113,13.3,4.5,7.8,0.6,0,58,36,10080,88,7
20200114,10.2,7.2,10.2,0,0,126,27,9960,89,7
20200115,12.7,7,8.6,2,0,4,18,10067,84,5
20200116,9.6,5.2,8.9,0.4,0,56,38,10144,85,6
20200117,7.9,7.3,8.4,1.8,0,0,34,10125,84,5
20200118,7.7,0.9,4.4,5.8,0,0,43,10279,84,1
20200119,8.8,-0.9,3.4,6.1,0,2,60,10443,84,1
20200120,8,-0.3,4.2,2.9,0,0,66,10477,84,4
20200121,8.1,-2.1,3,5.6,0,0,53,10419,88,1
20200122,8.1,-0.2,4,0,0,2,58,10376,96,8
20200123,7,4.9,6.5,0,0,0,17,10315,86,8
20200124,8.1,5.8,6.4,0,0,0,10,10233,92,8
20200125,10.5,5.6,6.8,0,0,2,12,10185,90,8
20200126,9.6,5.6,8.1,0,0,30,21,10096,92,7
20200127,8.2,7.3,8.4,0.1,0,86,36,9998,90,6
20200128,9.7,2.2,5.2,3.8,0,0,36,9960,82,3
20200129,13,2.3,6,5.8,0,0,69,10090,78,2
20200130,12.8,4.5,8.8,0,0,2,70,10044,90,8
20200131,12.4,8.6,10.7,0,0,14,23,10061,89,7
20200201,13.3,9.4,10.9,3.3,0,84,39,10049,76,4
20200202,12,6.3,9.8,0,0,2,64,10075,83,7
20200203,9.4,8.1,10.1,1,0,2,48,10126,75,4
20200204,9.8,3.9,6.7,0.9,0,0,49,10225,72,4
20200205,9.5,1.6,5.7,3.1,0,0,42,10366,88,3
20200206,10.8,-0.3,4.6,4.6,0,0,68,10316,91,4
20200207,11.1,0.4,5.6,4.3,0,14,80,10194,86,3
20200208,13.2,3.1,7.1,3.4,0,0,77,10146,78,6
20200209,9.7,7.5,10.3,0,0,128,68,9944,84,8
20200210,8.4,5.3,7.5,2.1,0,36,24,9974,75,5
20200211,9.1,3.4,5.9,5.5,0,0,68,10079,63,2
20200212,10.4,2.2,5.7,6.1,0,104,99,10142,74,3
20200213,12.5,4,7.2,0.9,0,14,91,9988,84,6
20200214,13.1,1.8,7.2,3,0,36,56,10165,84,5
20200215,11.8,5.1,9.1,0,0,138,77,10063,91,8
20200216,11.4,9.9,10.8,0.1,0,70,20,9960,87,6
20200217,11.4,5.3,8.3,3.3,0,0,29,10096,70,3
20200218,9.8,4.3,7.8,2.6,0,22,88,10181,77,7
20200219,10.3,2.4,6.1,0,0,14,74,10188,83,8
20200220,11.6,4.8,7.5,1,0,46,36,10119,83,6
20200221,14.3,3.7,7.7,0,0,0,42,10224,73,5
20200222,15.1,6.7,10.5,1.6,0,4,67,10183,72,7
20200223,12.2,8.8,11.9,1.3,0,32,70,10170,76,8
20200224,9.7,5.7,8.9,0,0,24,61,10105,86,7
20200225,9.2,4.6,7.2,1.6,0,10,30,10004,79,6
20200226,8.2,0.8,5,4.3,0,78,84,10039,71,4
20200227,11.9,2,5.1,4.5,0,16,100,10038,75,5
20200228,9.8,0,6,0,0,116,91,10056,88,7
20200229,10.5,4.7,7.2,3.5,0,8,34,9864,80,5
20200301,10.1,4.2,7.3,6.9,0,54,99,9888,68,3
20200302,10.6,3.8,7,3.4,0,0,137,9904,78,5
20200303,8.3,1.4,6,2.7,0,8,106,10025,78,3
20200304,6.1,-0.1,4.1,0,0,56,92,10074,90,8
20200305,10.1,3.9,5,0,0,102,54,9951,93,8
20200306,13.3,2.3,6.2,8.7,0,0,41,10053,71,4
20200307,14.3,1.6,7.5,0.2,0,4,165,10150,82,7
20200308,13.2,6.3,10.3,4.6,0,22,96,10060,79,6
20200309,16,4.5,8.8,1.6,0,76,120,10111,81,5
20200310,15.4,6.3,11.2,0.2,0,0,79,10048,,8
20200311,10.9,7.9,11.7,4.6,0,18,18,10093,,4
20200312,13,4.4,7.7,6.7,0,14,147,10101,66,4
20200313,13.6,4.6,8.8,3,0,36,144,10174,67,6
20200314,12.2,6.5,10.1,1.3,0,0,115,10136,82,8
20200315,12.9,9.1,10.7,0,0,22,104,10085,84,8
20200316,13.6,2.8,7.8,10.2,0,0,73,10211,73,2
20200317,15.6,4.4,9,0.6,0,0,198,10272,82,5
20200318,7.9,9.4,12.5,0.3,0,10,88,10247,82,8
20200319,10.1,6,7,0,0,6,65,10262,94,8
20200320,10.9,5.9,8,1.1,0,0,35,10285,69,7
20200321,11.3,3.8,7.3,8.9,0,0,130,10264,62,2
20200322,13.9,3.3,7.3,9.7,0,0,229,10265,63,1
20200323,15.5,1.8,7.8,11.4,0,0,238,10266,54,0
20200324,14.2,0.4,8,11.4,0,0,244,10257,54,0
20200325,13.9,0.1,7.2,11.6,0,0,239,10245,50,0
20200326,13.9,1,7.5,11.1,0,0,247,10233,53,0
20200327,11.8,1.4,7.7,10.9,0,0,241,10239,61,0
20200328,8.1,4.4,8.1,4.7,0,0,231,10290,65,3
20200329,10.7,3.4,5.8,5.8,0,0,160,10377,54,5
20200330,11.3,2,6.3,1,0,0,158,10346,70,7
20200331,9.3,2.5,6.9,5.4,0,0,105,10314,68,2
20200401,14,-0.9,4.2,3.5,0,0,162,10240,66,5
20200402,14.2,5.4,9.7,1.7,0,0,129,10161,66,7
20200403,16.5,6.8,10.5,4.5,0,0,138,10178,65,5
20200404,21.7,2.7,9.6,8.8,0,0,183,10200,66,2
20200405,18.3,5.9,13.8,11.5,0,6,241,10136,51,0
20200406,20,10.4,14.3,4.5,0,0,274,10174,63,5
20200407,21.9,4.5,12.2,9.3,0,0,189,10285,60,2
20200408,23.2,9.8,15.8,3.2,0,0,232,10246,62,6
20200409,24.2,8.5,15.8,10.4,0,0,185,10247,61,1
20200410,25,8.7,16.4,11.5,0,0,264,10246,61,0
20200411,24.8,9,17,8.9,0,0,268,10220,57,3
20200412,11.8,9.5,17.1,9.4,0,0,248,10146,56,2
20200413,13.4,7.6,9.7,7.9,0,0,241,10254,58,4
20200414,19.1,3.2,8.3,12.5,0,0,253,10285,53,2
20200415,19.6,2.5,10.8,12.7,0,0,305,10224,56,0
20200416,14.7,4.6,12.1,6.4,0,0,289,10162,62,3
20200417,16.1,9,11.8,2.1,0,170,187,10167,70,6
20200418,18.5,6.4,11.2,3.1,0,0,121,10179,81,6
20200419,18.5,6.2,12.3,10.6,0,0,190,10200,63,2
20200420,18.8,5.6,12.1,12.7,0,0,307,10174,55,0
20200421,21.4,8.2,13.5,12.9,0,0,320,10167,50,0
20200422,24.1,7.1,14.2,12.5,0,0,324,10193,53,0
20200423,21.9,6.6,15.3,11.6,0,0,316,10193,56,0
20200424,16.8,7.8,14.8,12.3,0,0,311,10159,54,0
20200425,20.6,6.8,11.8,10.1,0,0,312,10152,68,2
20200426,18.6,4.2,12.4,13,0,0,316,10120,61,1
20200427,11.2,7,12.8,3,0,84,309,10075,66,5
20200428,14.2,7.2,9.2,0,0,62,180,10046,91,8
20200429,14.2,7.2,10.7,1.5,0,18,51,10014,83,7
20200430,15.5,6.2,10.2,3.3,0,42,161,9951,83,5
20200501,17.6,7.4,11.4,6,0,2,172,9996,73,5
20200502,15.2,5.7,11.7,12,0,0,259,10107,62,2
20200503,17.8,8.6,11.9,0,0,2,311,10159,70,8
20200504,15.4,9.7,13.8,7.3,0,0,142,10193,64,4
20200505,18.7,7.9,11.7,11.6,0,0,270,10213,59,2
20200506,23.1,5,11.8,13.4,0,0,356,10253,60,0
20200507,24.2,5.9,14.5,12.6,0,0,358,10225,61,1
20200508,24.9,10,17.1,12,0,0,335,10177,52,3
20200509,17.9,10.5,17.7,12.4,0,0,327,10124,50,1
20200510,12.6,11.6,14.8,3.3,0,0,320,10109,65,5
20200511,16.2,4.7,8.7,7,0,0,170,10199,50,4
20200512,13.3,2.3,9.2,8.4,0,0,278,10207,54,3
20200513,14.7,6.1,9.7,4.1,0,0,293,10177,55,5
20200514,19.6,3,8.8,11.6,0,0,262,10228,56,2
20200515,19,3.1,11.3,11,0,0,344,10240,57,1
20200516,21.1,7.6,13.3,5.7,0,0,311,10244,53,6
20200517,23.9,7.7,14.4,8.5,0,0,278,10239,57,4
20200518,26,10.2,17.1,11.1,0,0,305,10236,54,3
20200519,27.8,11.6,18.8,11.8,0,0,362,10231,59,2
20200520,27.4,13,20.4,14,0,0,364,10212,50,0
20200521,23.2,13,20.2,11.7,0,0,380,10187,48,2
20200522,19.9,16.7,19.9,7.5,0,0,354,10153,51,5
20200523,22.5,11.2,15.6,10.2,0,16,304,10225,56,3
20200524,26.1,10.4,16.4,6.5,0,0,320,10304,58,4
20200525,26.5,10.1,18.1,13.6,0,0,305,10343,52,0
20200526,26.3,11.6,19.1,12,0,0,386,10353,51,1
20200527,22.6,13.7,20,9.2,0,0,343,10351,51,4
20200528,24.3,11.6,17.1,13.4,0,0,340,10337,50,1
20200529,25.7,11,17.6,13.7,0,0,395,10276,44,0
20200530,25.3,9.9,17.8,13.3,0,0,397,10231,49,1
20200531,26.8,12.4,18.9,13.7,0,0,398,10225,44,0
20200601,25.4,11.3,19.1,13.6,0,0,399,10224,50,0
20200602,19.2,12.3,18.9,13.1,0,0,394,10186,46,1
20200603,16.6,13.6,16.4,0,0,4,348,10086,63,8
20200604,16.4,10.5,13.6,1.1,0,0,121,10034,67,8
20200605,14.5,11.2,13.8,5.3,0,14,194,9971,58,6
20200606,18.7,7.2,10.8,3,0,98,234,9994,75,5
20200607,16.6,8.1,13.4,3.8,0,20,189,10094,76,5
20200608,20.1,10.4,13.5,2.1,0,0,212,10188,64,7
20200609,16.4,10.6,15.3,4.5,0,0,229,10200,56,7
20200610,21.4,12.7,14.6,0,0,52,249,10151,83,8
20200611,21.4,10.9,16.1,1.7,0,8,108,10114,80,8
20200612,25.1,13.7,17.6,1.9,0,24,156,10054,81,6
20200613,22.9,12.3,18.7,7.4,0,16,192,10084,69,4
20200614,25.3,12.9,17.9,8,0,0,302,10140,70,3
20200615,24.9,11.5,18.4,7.7,0,10,305,10161,73,3
20200616,22.6,13.5,19.2,8.9,0,2,299,10141,68,5
20200617,19.1,12.8,17.7,0.5,0,124,273,10124,75,6
20200618,20.8,13.8,16.4,2.8,0,86,164,10103,87,7
20200619,23,13.4,17.1,0.9,0,4,149,10143,81,7
20200620,23.9,11.8,17.4,5.9,0,12,191,10193,73,5
20200621,23.9,14.1,19,5.7,0,0,280,10171,67,6
20200622,28.6,10.3,17.1,14.1,0,0,292,10246,60,0
20200623,32.6,11.8,20.2,13.7,0,0,402,10234,58,0
20200624,33.4,16.7,24.6,13.7,0,0,388,10199,50,0
20200625,31,18.3,25.9,13.7,0,0,389,10150,48,0
20200626,21.4,19.4,25.2,10.9,0,36,380,10088,59,3
20200627,22,15.3,18.4,2.1,0,6,321,10051,78,7
20200628,21.7,12.3,17.1,6.8,0,18,198,10094,64,5
20200629,20.1,12.2,16.9,1.9,0,0,283,10098,60,7
20200630,22.6,12.8,16.4,0.1,0,6,211,10072,77,8
20200701,22.5,13.7,18.1,3,0,20,147,10058,76,7
20200702,22.5,11.9,17.2,5.3,0,24,211,10114,75,6
20200703,21.4,12.1,17.3,5,0,30,253,10157,72,6
20200704,23,14.5,17.9,0.1,0,0,258,10109,84,8
20200705,20.5,16.8,19.9,9.4,0,0,153,10110,60,5
20200706,22.6,11.4,15.9,4.1,0,0,342,10194,59,4
20200707,20.4,11.3,16.9,3.8,0,82,222,10200,66,6
20200708,20.6,13.2,16.8,0.1,0,22,200,10147,93,8
20200709,19.7,15.7,18.1,0,0,28,129,10117,89,8
20200710,21.5,12.3,16,4.8,0,0,122,10180,66,6
20200711,25.2,8.7,15.1,9.4,0,0,279,10265,56,2
20200712,26.2,9.9,17.6,12.9,0,0,320,10277,53,1
20200713,23.1,12.7,19.4,7,0,12,366,10229,56,5
20200714,19.4,15.2,19.1,1.5,0,0,290,10164,71,7
20200715,24.1,13.5,16.4,0.6,0,0,196,10162,69,8
20200716,28.5,16,20.1,2.2,0,0,133,10203,,8
20200717,26.3,16.9,22.7,10.1,0,0,220,10206,57,4
20200718,21.4,15,20.6,7.5,0,8,351,10182,61,5
20200719,22.6,14.1,17.8,1.5,0,0,307,10180,67,7
20200720,22.7,10.5,16.6,13.6,0,0,198,10231,51,1
20200721,26.3,10.2,16.4,11.3,0,0,377,10260,48,1
20200722,26.6,13.6,19.9,9.7,0,0,360,10233,50,4
20200723,25.6,13.3,19.9,4,0,0,325,10160,56,5
20200724,23,16.1,20.9,1.1,0,0,245,10123,68,6
20200725,23.7,17.4,20.2,0,0,76,180,10076,83,7
20200726,21.6,12.5,18.1,3.3,0,40,129,10107,77,5
20200727,21.6,15.5,18.6,0.4,0,10,196,10076,85,8
20200728,24.5,12.4,17,6.1,0,0,128,10144,60,3
20200729,29.8,9.5,17,10.1,0,0,256,10200,57,3
20200730,37.8,12.9,21.4,13.7,0,0,337,10180,47,1
20200731,27.7,16.5,27.1,9.6,0,0,351,10116,47,2
20200801,25.4,15.7,21.7,9.4,0,0,305,10150,60,4
20200802,23.5,11.6,18.5,8.8,0,0,299,10164,57,4
20200803,24.9,13.8,18.6,9.1,0,0,303,10159,52,5
20200804,26.8,11,17.9,8.7,0,0,289,10159,58,3
20200805,29.7,15.6,21.2,5.8,0,0,275,10130,61,6
20200806,36.4,18.2,23.9,5.2,0,0,270,10169,66,5
20200807,33.4,15.9,26.1,9.5,0,0,232,10178,46,2
20200808,33.8,20.7,27.1,5.4,0,0,278,10189,56,6
20200809,35.5,17.3,25.6,9.9,0,0,256,10176,61,4
20200810,35.7,18.7,27.1,11.3,0,0,290,10139,56,2
20200811,35.4,21.2,28.4,9.1,0,0,297,10140,50,4
20200812,28.4,21.7,28.6,7.2,0,14,267,10129,57,2
20200813,20.2,19.3,23.9,3.4,0,18,227,10123,76,6
20200814,21.1,17.2,18.7,0,0,8,152,10138,89,8
20200815,24.8,16.5,18.8,0,0,0,75,10145,93,8
20200816,25.1,17.3,21.1,1.3,0,8,76,10106,78,6
20200817,25,15,20.1,5.9,0,34,152,10079,77,5
20200818,20.6,16.2,20.6,5.2,0,50,223,10089,73,5
20200819,25.8,14.8,17.7,0,0,116,182,10033,95,6
20200820,23.9,16,20.9,11.6,0,0,85,10027,64,4
20200821,24.4,17.5,20.7,4.2,0,0,287,10035,65,6
20200822,23.6,16.3,20.4,8.4,0,2,209,10118,64,4
20200823,23.7,14.7,19.1,4.4,0,0,253,10163,67,6
20200824,22.4,13.5,18.6,2.1,0,134,208,10152,77,7
20200825,23.6,15.5,18.9,0.9,0,10,176,10016,83,8
20200826,18.3,15.2,19.4,4.8,0,0,135,10122,62,6
20200827,20.3,12.9,15.6,0.9,0,116,194,10105,83,7
20200828,16.3,12.9,16.6,3.6,0,68,105,10011,84,7
20200829,17.9,11.2,13.8,0.6,0,4,176,10088,78,8
20200830,18.4,11.6,14.8,2.2,0,0,123,10177,67,8
20200831,20.9,8.1,13.2,2.9,0,0,134,10219,64,5
20200901,20.4,6.6,13.8,10.6,0,0,195,10208,63,1
20200902,22.4,9.1,14.8,3.6,0,10,239,10190,76,5
20200903,20.8,15.4,18.9,0,0,14,136,10159,83,8
20200904,20.1,12.4,16.6,2.4,0,6,93,10208,73,7
20200905,20.5,9.5,14.8,8,0,0,153,10212,68,3
20200906,21.9,10.1,15.3,4.4,0,0,201,10210,70,6
20200907,25.7,9.9,15.9,1,0,0,179,10232,77,5
20200908,22.3,13.7,19.7,2.9,0,0,142,10242,79,7
20200909,20.3,14.3,18.3,1.1,0,0,150,10233,75,4
20200910,20.3,9.1,14.7,8.4,0,0,121,10232,60,4
20200911,22.7,8.7,14.5,4.2,0,2,211,10173,67,5
20200912,25.5,12.3,17.5,7.8,0,0,184,10195,65,3
20200913,29.5,12.8,19.1,10.9,0,0,213,10234,72,0
20200914,29.4,11.3,20.4,10.8,0,0,231,10214,65,0
20200915,26.5,14.8,22.1,8.3,0,0,226,10180,66,2
20200916,22.5,18.5,22.5,5.9,0,0,195,10237,65,6
20200917,21.9,12.8,17.6,10.4,0,0,179,10281,62,2
20200918,25.2,9.7,15.8,9.8,0,0,220,10226,63,0
20200919,25.2,12.6,18.9,9.6,0,0,212,10174,61,1
20200920,24.8,13.7,19.4,9.4,0,0,202,10186,65,0
20200921,25.7,13.8,19.3,7.3,0,0,194,10174,70,3
20200922,18.6,12.2,18.9,8.4,0,10,173,10095,71,2
20200923,16.8,15.2,16.9,0.1,0,70,165,10003,86,7
20200924,15,8.1,12.4,2.7,0,36,86,9961,81,5
20200925,13.6,6.4,10.7,5.4,0,0,112,10025,67,4
20200926,14.5,6.6,10.1,4.8,0,0,164,10115,65,4
20200927,18.2,9.5,12,0.6,0,0,146,10128,66,8
20200928,19.6,7.7,12.9,5.6,0,20,92,10136,73,6
20200929,18,10.8,15.2,4,0,0,156,10150,81,6
20200930,16.3,9.9,13.9,0.5,0,32,130,10072,88,5
20201001,14.2,10.9,13.6,2.1,0,44,74,9973,78,6
20201002,15.8,9.8,12,0,0,384,94,9881,92,8
20201003,12.2,12.1,13.9,0.3,0,234,30,9859,90,8
20201004,18.5,8.8,10.5,0,0,34,57,9827,94,7
20201005,17.4,9.1,13.8,3.5,0,30,54,9951,83,6
20201006,16.9,10.8,14.1,4,0,0,124,9983,81,6
20201007,17.2,8.2,12.6,4.9,0,38,123,10125,76,5
20201008,15.1,11.2,14.2,1.1,0,2,132,10121,,7
20201009,14,6.2,10.7,2.9,0,18,81,10189,86,4
20201010,14.5,4.8,9.4,0.1,0,0,86,10225,80,5
20201011,13.5,8.1,11.3,6.1,0,0,70,10252,76,4
20201012,12,6.2,9.8,0,0,38,111,10193,88,8
20201013,14.8,6,9,0.1,0,22,53,10106,88,6
20201014,13.4,8,11.4,2.6,0,18,69,10206,82,5
20201015,14.2,7.7,10.6,4,0,10,97,10246,82,4
20201016,12.5,7.2,10.7,2.7,0,0,111,10247,76,6
20201017,12.9,9.4,10.9,0,0,0,75,10228,81,8
20201018,16,5.9,9.4,0,0,0,51,10237,83,8
20201019,18.8,7.5,11.8,2.9,0,16,69,10149,73,6
20201020,16,11.8,15.3,0.7,0,86,97,10013,82,8
20201021,16.9,14,15,0,0,90,67,9969,93,8
20201022,16.7,11.5,14.2,4.6,0,0,36,10080,81,4
20201023,16.2,10,13.3,2,0,0,90,10084,85,6
20201024,12.9,7.9,12.1,0,0,212,59,10019,86,7
20201025,13.4,7.3,10.1,2.9,0,4,48,9965,86,3
20201026,14.1,6.4,9.9,2.4,0,8,75,9979,84,2
20201027,13.8,4.9,9.5,0,0,8,63,9984,90,5
20201028,15.5,7.9,10.8,1,0,20,36,10025,81,4
20201029,16.2,7.5,11.5,0,0,32,58,10119,86,8
20201030,15.5,11,13.6,0,0,2,28,10161,86,8
20201031,17.2,13.4,14.4,0.7,0,72,30,10116,83,7
20201101,17.1,10.2,13.7,0.3,0,4,29,10033,84,8
20201102,11.4,14.9,16,3.2,0,56,37,10051,74,5
20201103,12.3,6.2,8.8,2.6,0,0,74,10189,79,5
20201104,10.8,0.9,6.6,6.9,0,2,72,10335,84,0
20201105,11.9,1.4,6.1,2.9,0,2,86,10386,93,4
20201106,15.3,0.6,6.2,1.9,0,0,61,10291,83,5
20201107,14.1,4.1,9.7,4.8,0,2,67,10202,85,2
20201108,16.3,7.7,10.9,0,0,22,71,10182,94,8
20201109,16.1,9.3,12.8,0,0,66,34,10193,95,7
20201110,13.9,9.7,12.9,2.5,0,2,38,10231,92,5
20201111,13.6,6.1,10,0,0,64,55,10173,90,7
20201112,13.9,9,11.3,3.8,0,0,37,10134,81,4
20201113,14.1,9.4,11.7,2.4,0,24,66,10120,82,6
20201114,12.5,8.4,11.2,0,0,214,49,10070,91,7
20201115,13.1,11.6,12.1,1.9,0,10,23,9963,85,6
20201116,14.6,7.3,10.2,0.4,0,8,45,10124,81,6
20201117,15.9,9.4,12,0.5,0,0,35,10205,85,7
20201118,10.6,11.1,13.5,1.6,0,6,41,10165,82,6
20201119,10.9,7.8,9.2,1.5,0,4,40,10262,76,4
20201120,12.5,0.8,5.8,0,0,8,29,10331,92,7
20201121,11.1,4.2,8.3,0,0,2,27,10267,80,8
20201122,10.8,7.6,9.3,2.8,0,2,32,10266,84,6
20201123,12.4,1.9,6.3,0.8,0,0,45,10270,92,6
20201124,13.7,3.6,8,1.5,0,0,33,10171,85,6
20201125,8.9,7.1,10.4,0.1,0,2,40,10131,89,6
20201126,8.5,4.1,6.5,0.6,0,0,23,10211,88,6
20201127,10,-1.7,3.4,1.6,0,2,34,10192,92,7
20201128,8.2,-0.5,4.8,0,0,0,35,10185,92,8
20201129,10.5,8.1,8.2,0,0,0,20,10259,92,8
20201130,7.9,4.4,7.5,0,0,0,17,10242,91,7
20201201,6.9,3.1,5.5,5,0,0,22,10255,78,2
20201202,7.3,2.1,4.5,0,0,14,51,10180,88,8
20201203,5.7,3,5.2,0,0,140,20,9899,93,7
20201204,8.1,3,4.3,0,0,0,8,9773,85,8
20201205,5.2,3,5.5,2.4,0,0,26,9911,80,6
20201206,2.3,1.6,3.4,1,0,2,37,10017,92,6
20201207,5.4,-0.4,0.9,0,0,32,24,9993,98,8
20201208,7.1,-0.6,2.4,1.3,0,18,18,10034,96,7
20201209,9.5,-0.4,3.4,0,0,0,33,10058,88,8
20201210,11.2,4.4,7,0,0,86,25,9991,87,8
20201211,9.8,6.6,8.9,0.1,0,0,16,9870,95,7
20201212,12,6.9,8.3,0,0,4,28,9992,87,5
20201213,12.6,0.4,6.2,0,0,54,27,10023,94,7
20201214,11.6,5.5,9.1,1.8,0,18,16,9991,88,6
20201215,10.6,5.5,8.6,3.1,0,10,32,10056,89,3
20201216,11.6,6.6,8.6,0.2,0,34,36,10072,88,7
20201217,12.1,5.8,8.7,4.4,0,4,25,10138,88,3
20201218,12.4,7,9.6,0,0,48,38,10105,90,8
20201219,10.5,9.8,11.1,2.4,0,56,15,10050,84,6
20201220,13.9,6.1,8.3,3.9,0,16,37,10125,85,4
20201221,11.7,5.1,9.5,0,0,20,37,10066,94,8
20201222,13.9,9.9,10.8,0,0,8,16,10104,89,8
20201223,5.5,10,11.9,0.4,0,20,23,10049,92,8
20201224,5.5,3.7,4.6,3.2,0,0,32,10209,78,4
20201225,10.7,0.1,2.8,2.1,0,0,40,10310,74,4
20201226,6.9,-0.2,5.2,0,0,132,38,10161,86,7
20201227,3.6,5.5,6.2,3.7,0,6,32,9775,83,4
20201228,4.3,-1.6,1,0,0,2,38,9746,93,7
20201229,5.5,0.4,2.4,0.2,0,0,21,9901,86,7
20201230,1.4,-0.4,2.5,1.3,0,0,22,10024,89,4
20201231,4.5,-3.2,-0.9,0,0,0,34,10057,91,7
20210101,5.2,-1.7,1.4,0,0,6,16,10117,94,8
20210102,5.9,0,2.6,1.5,0,0,17,10160,85,7
20210103,5.4,0.7,3.3,0.6,0,2,32,10176,86,8
20210104,4.6,2.6,4,0,0,0,27,10195,82,8
20210105,6.1,1.8,3.2,0,0,4,17,10201,82,8
20210106,2.3,2.7,4.4,1,0,0,27,10195,84,6
20210107,2.7,-0.3,1,3.2,0,0,34,10186,90,6
20210108,2.7,-2.1,0.3,0,0,0,46,10186,91,8
20210109,6.2,-0.5,1.1,2.1,0,0,21,10264,93,4
20210110,9.4,-2.1,2,0,0,0,38,10261,94,8
20210111,8.9,-0.7,4.3,0,0,60,22,10179,85,8
20210112,10,5.9,7.4,0,0,6,35,10142,89,8
20210113,6,0.4,5.2,0,0,118,24,10184,96,8
20210114,4.1,4.3,5.2,0,0,40,14,10167,95,8
20210115,8.4,0,2,0.5,0,48,15,10298,90,5
20210116,8.2,-0.8,3.8,0.5,0,10,34,10200,87,8
20210117,11.5,2.4,5.3,2.5,0,0,25,10236,78,6
20210118,12.1,0.7,6.1,0,0,20,52,10213,90,5
20210119,10.1,2.9,7.5,0.1,0,10,31,10041,89,8
20210120,8.3,9.6,9.8,0,0,58,21,9874,91,8
20210121,8.2,3.6,6,1.7,0,0,15,9847,77,5
20210122,4.8,-0.6,3.8,4.7,0,12,48,9922,85,3
20210123,1.5,-0.9,1.9,1.9,0,0,63,9957,89,5
20210124,5.1,-3.5,-1,0,0,76,44,9971,92,7
20210125,7.6,-2.7,1.2,6.2,2,2,29,10097,80,2
20210126,11.2,-3,2.3,0,2,22,68,10158,91,7
20210127,13.5,0.6,5.9,0,0,204,26,10111,96,8
20210128,11.5,7.6,10.6,0.9,0,52,27,10016,91,8
20210129,5.4,8.3,9.9,1.9,0,166,49,9984,87,7
20210130,4.1,5.4,5.4,0,0,36,46,9978,90,8
20210131,10.1,0.1,2.1,0.1,0,14,20,9979,82,6
20210201,13.5,1.3,5.7,0,0,46,33,9970,91,8
20210202,10.4,3.3,8.4,0.7,0,10,17,9946,89,8
20210203,9.1,7.2,8.8,0,0,2,47,9966,84,7
20210204,10.8,1.4,5.2,0.3,0,64,32,10082,95,6
20210205,8.3,4.4,7.6,3.5,0,18,43,10081,90,6
20210206,2.5,3.9,6.1,0.4,0,58,72,10068,91,8
20210207,-0.5,2.4,2.5,0,0,0,53,10046,79,8
20210208,0.4,-1.9,-1.2,0,0,15,37,10039,74,8
20210209,3,-1.5,-0.6,0,0,25,25,10070,77,8
20210210,1.2,-2,0.5,4.6,0,6,35,10158,66,3
20210211,2,-3.8,-1.3,2.7,0,0,86,10269,70,5
20210212,1.8,-1.5,0.2,4.5,0,0,86,10302,56,7
20210213,7.9,-4.2,-1.2,3.3,0,0,103,10323,52,6
20210214,13.2,-2.8,2.5,0,0,32,88,10256,61,8
20210215,11.4,1.7,7.5,1.8,0,10,37,10181,89,7
20210216,11,7.9,9.7,0.4,0,26,59,10099,88,6
20210217,10.7,7.2,9.1,0,0,24,33,10097,89,7
20210218,12.3,7.6,9.2,3,0,14,29,10038,77,4
20210219,14.4,4.1,8.2,0,0,0,71,10079,84,7
20210220,13.7,7.9,11.2,1.3,0,6,52,10031,68,6
20210221,10.2,10,11.8,0.3,0,0,77,10081,81,7
20210222,14.4,7.2,8.7,0,0,6,55,10147,89,8
20210223,15.8,4.6,9.5,6.2,0,0,35,10229,76,5
20210224,11.8,8.6,12.2,1.9,0,0,125,10223,69,6
20210225,13.1,8.9,10.3,0,0,0,86,10268,72,7
20210226,13.2,1.2,7.2,9.2,0,2,73,10373,69,0
20210227,9.4,0.3,6.8,9.1,0,0,152,10409,74,0
20210228,10.2,2.9,6.2,4.7,0,0,149,10372,83,3
20210301,8.7,3.6,6.9,5.8,0,0,118,10320,82,5
20210302,9,3.6,6.2,2.6,0,0,116,10300,84,5
20210303,5.9,3.3,6.2,0.3,0,80,80,10276,94,8
20210304,6,3.8,4.8,0,0,0,50,10251,85,8
20210305,6.9,1.3,3.6,1.3,0,0,37,10319,62,6
20210306,7.1,0.3,3.6,0.1,0,0,75,10338,66,7
20210307,10.9,0.3,3.7,4.7,0,0,77,10277,61,5
20210308,13.4,-1,5,1.2,0,0,127,10238,69,7
20210309,11.2,0.9,7.2,7.7,0,0,118,10201,68,4
20210310,12.3,5.3,8.2,0,0,48,150,10074,86,8
20210311,11.1,7.1,9.7,4.8,0,14,43,9963,71,5
20210312,11.2,4.5,7.8,1.8,0,48,149,10021,75,5
20210313,10.2,4.9,8.1,2.8,0,8,114,9959,70,6
20210314,12.8,3.6,6.9,1.9,0,2,121,10130,74,6
20210315,14.6,7.1,9.9,1.3,0,0,93,10206,68,7
20210316,10.3,6.9,10.8,0.3,0,0,101,10276,74,7
20210317,10.5,4.3,7.3,2.1,0,8,72,10333,74,3
20210318,12,3.3,6.9,0,0,8,97,10289,81,7
20210319,10.8,6.3,9.2,6.7,0,0,87,10282,72,5
20210320,12.2,2.9,6.8,0,0,0,175,10312,79,7
20210321,14.4,6.5,9.3,2.1,0,0,69,10288,68,6
20210322,13.5,3.8,9.1,8.6,0,0,154,10265,69,3
20210323,14,1.8,7.7,4.5,0,0,203,10242,75,3
20210324,13.2,2.2,8.1,1.5,0,0,146,10209,81,6
20210325,12.6,2.8,8,2.8,0,0,113,10184,82,4
20210326,12.2,7.8,10.2,0.3,0,30,130,10108,80,6
20210327,12.7,2.4,7.3,6.2,0,0,87,10206,70,4
20210328,19.9,7.1,9.9,0,0,0,176,10229,74,8
20210329,23.8,9.7,14.8,7.9,0,0,110,10268,68,4
20210330,19.8,3,13.4,11.3,0,0,225,10274,58,0
20210331,15.1,7.4,13.6,0.8,0,0,233,10204,62,5
20210401,10.9,7.9,11.5,5.2,0,0,124,10247,71,4
20210402,9.8,5.2,8.1,4.7,0,0,184,10304,61,6
20210403,15.4,5.3,7.5,0.4,0,0,196,10322,64,7
20210404,8,2,8.7,9.7,0,0,137,10255,65,2
20210405,8,5.3,6.7,6.6,0,0,251,10187,49,4
20210406,8,-0.4,3.8,6.3,0,0,210,10208,57,3
20210407,12.8,-2.4,2.8,2.7,0,0,208,10239,60,5
20210408,14.3,2,7.4,1.3,0,0,157,10214,60,8
20210409,8.7,4.6,9.4,5.8,0,0,154,10134,68,6
20210410,9.8,5.8,7.2,0,0,0,182,10133,67,8
20210411,10.3,1,5.4,7,0,16,88,10196,63,4
20210412,13.3,-1.4,4.5,4.1,0,0,220,10289,66,5
20210413,12.6,-0.9,6.2,5.2,0,0,192,10326,66,3
20210414,11.5,2.5,7.5,6.4,0,0,188,10327,61,4
20210415,12.3,1,6.2,5.1,0,0,220,10332,64,4
20210416,13.8,0.7,6.5,7.8,0,0,182,10312,62,2
20210417,15.7,-0.1,6.8,12.1,0,0,249,10290,49,2
20210418,17.8,1.1,8.4,12.8,0,0,316,10250,48,2
20210419,18.6,2.9,10.3,12.4,0,0,304,10212,59,0
20210420,14.7,4.4,11.5,8.7,0,0,300,10180,62,1
20210421,14.6,6.7,10.7,4.9,0,0,270,10213,68,3
20210422,17.2,2.4,8.5,12.9,0,0,228,10272,58,0
20210423,17.1,2.3,9.8,12.6,0,0,330,10285,58,0
20210424,14.5,3.7,10.4,13,0,0,330,10275,54,0
20210425,13.9,4.6,9.6,10.5,0,0,335,10281,61,2
20210426,16.1,4.2,9.1,10,0,0,307,10213,56,3
20210427,12.5,1.6,8.8,5.6,0,0,314,10102,57,5
20210428,12.3,6.7,9.6,0,0,56,219,10065,69,8
20210429,12.7,3.6,8,4.8,0,0,76,10116,61,6
20210430,13.3,4,8.3,4,0,0,202,10151,62,6
20210501,15.3,3,8.2,6.3,0,0,221,10165,62,4
20210502,14,4.4,9.8,5,0,2,207,10204,60,5
20210503,15.1,5.7,9.8,1.6,0,76,214,10120,70,6
20210504,14.4,7.7,11.4,7.7,0,2,182,10002,61,5
20210505,12.8,3,8.7,7.7,0,44,298,10089,71,4
20210506,15.7,1.6,7.2,6.8,0,0,265,10074,65,4
20210507,17.5,4.1,9.9,7.5,0,96,253,10154,50,4
20210508,20.4,6.5,12,0,0,2,258,10052,77,7
20210509,17.1,11.5,15.9,2.5,0,14,93,9971,72,6
20210510,17.8,10.2,13.7,6,0,10,226,10006,73,5
20210511,17.5,5.5,11.7,5,0,0,244,10071,69,5
20210512,14.5,8.9,13.2,6.4,0,16,256,10085,63,5
20210513,13.4,9.7,12.1,0.8,0,26,257,10061,82,6
20210514,15,8.1,10.8,0.4,0,20,111,10091,78,7
20210515,15,8.5,11.8,2.2,0,24,138,10009,83,7
20210516,16.5,7.5,11.2,2.5,0,126,167,9979,87,6
20210517,17.1,9.9,13.2,2.5,0,50,183,10053,83,7
20210518,18.3,5.5,11.3,5.5,0,40,213,10134,82,5
20210519,14.1,8.6,13.4,6.7,0,0,257,10177,69,5
20210520,13.3,6.5,10.3,0.1,0,8,252,10125,77,6
20210521,14.9,10.3,11.8,0.3,0,36,118,9967,78,8
20210522,13.6,9.2,12.1,1.7,0,24,131,10033,80,6
20210523,14.1,4,8.8,1.9,0,162,161,10079,80,6
20210524,15.9,6.8,10.4,5.5,0,54,187,10034,83,6
20210525,17.7,6.1,11,0.9,0,2,237,10136,76,6
20210526,21.2,5.3,11.5,3.7,0,0,168,10149,70,6
20210527,19.7,7.4,14.3,8.6,0,0,259,10202,62,3
20210528,21.6,10.1,14.9,2.4,0,12,298,10233,70,8
20210529,21.5,11.7,16.6,4.7,0,0,209,10267,62,5
20210530,24.1,8.6,15.1,9,0,0,280,10274,73,2
20210531,25.7,9,16.6,10,0,0,345,10213,66,2
20210601,27.9,10.8,18.2,13.2,0,0,361,10150,52,0
20210602,23.8,12.9,20.4,7.3,0,0,385,10126,55,4
20210603,17.5,16.8,20.3,6.6,0,8,288,10184,70,6
20210604,23.5,12.6,15.1,0.3,0,66,284,10229,84,7
20210605,23.2,9.8,16.6,10.7,0,2,117,10243,67,2
20210606,23.3,13.1,18.1,3.6,0,0,354,10245,73,5
20210607,24.7,13.7,18.5,4.5,0,0,265,10238,73,6
20210608,26.3,11.5,18.1,13.6,0,0,297,10231,63,0
20210609,24.7,11.4,18.9,12.3,0,0,381,10217,60,1
20210610,25.6,15.6,20.1,4.2,0,0,386,10208,75,6
20210611,24.6,16.4,21,3,0,0,237,10199,71,7
20210612,28,13.3,18.9,12.1,0,0,252,10235,60,2
20210613,28.8,14.5,21.2,13.8,0,0,384,10259,55,0
20210614,26.6,15.4,22.1,8.7,0,0,385,10208,58,3
20210615,29.2,14.8,20.7,11.2,0,0,329,10205,53,4
20210616,21.4,14.8,22,9.1,0,42,359,10119,66,4
20210617,14.3,17.7,19.6,0,0,194,301,10107,85,8
20210618,16.4,13.6,13.9,0,0,158,93,10132,94,8
20210619,18.4,11.9,14.2,0,0,2,46,10139,85,8
20210620,14.3,12.9,15.7,0,0,12,80,10089,85,8
20210621,18,11.9,13.1,0,0,32,112,10128,83,8
20210622,22.3,11.3,14.7,1.9,0,0,107,10205,63,6
20210623,20.3,8,15.2,9.6,0,0,238,10234,59,2
20210624,23,9.5,14.9,3.4,0,2,331,10215,74,4
20210625,23.6,13.6,18.3,4,0,0,226,10162,67,6
20210626,20.5,13.9,18.8,4.8,0,0,279,10174,65,5
20210627,20.2,15.2,17.9,0,0,334,259,10155,84,8
20210628,19.5,15.1,17.6,1,0,2,83,10144,90,7
20210629,18.7,14.5,17,0.2,0,28,143,10154,82,8
20210630,22.4,13.3,16,0.5,0,0,159,10175,74,7
20210701,24.5,12.5,17.4,6.1,0,0,154,10178,70,5
20210702,22.4,15.2,19.9,3.6,0,6,269,10159,73,7
20210703,21.7,16.2,19.3,2.1,0,42,239,10118,78,7
20210704,21.7,15.6,18.6,1.2,0,22,181,10075,84,8
20210705,20.8,13.7,17.7,5,0,142,200,10045,78,7
20210706,21.3,13.1,16.9,2.6,0,26,259,9986,84,7
20210707,21.7,13.1,17.2,2.7,0,0,194,10116,77,6
20210708,24.7,14.3,18,3.4,0,12,197,10195,80,6
20210709,19.5,15.2,19.9,3.6,0,0,225,10205,72,7
20210710,21.5,13.6,16.6,0.6,0,6,247,10166,76,7
20210711,22,11.6,16.6,4.1,0,26,165,10152,80,5
20210712,22.5,14,18,1.3,0,58,223,10112,83,8
20210713,25.2,14.9,18.7,3.1,0,0,182,10148,76,6
20210714,22.1,14.9,20.1,9.5,0,0,221,10181,67,3
20210715,26.8,14.1,18.1,2.9,0,0,287,10225,72,4
20210716,28.4,11.3,19.1,13.6,0,0,201,10267,63,0
20210717,31.6,15.4,21.9,13.6,0,0,386,10279,58,0
20210718,31.4,15.9,23.8,12.9,0,0,374,10247,58,0
20210719,32.2,18.1,24.8,11.9,0,0,351,10206,62,1
20210720,30.4,17.6,24.9,10.8,0,0,346,10196,64,1
20210721,29.8,17.7,24.1,11.4,0,0,333,10220,61,1
20210722,25.5,17.3,23.6,10.9,0,0,327,10224,60,1
20210723,23.4,15.6,20.6,9.8,0,2,334,10167,68,2
20210724,21.5,15.9,19.6,1.6,0,0,305,10083,79,6
20210725,26.1,16.6,19.1,0,0,70,114,10077,85,8
20210726,22.1,15.3,20.7,4.9,0,0,128,10097,76,5
20210727,22.1,16.5,19.3,2.6,0,16,242,10082,75,7
20210728,23.3,16.5,19.3,3,0,106,202,10070,81,6
20210729,19.4,12,17.6,10.4,0,18,208,10096,64,3
20210730,21.7,14.3,16.9,1.4,0,14,317,10031,80,7
20210731,21.9,12.9,17.3,0.5,0,46,156,10092,83,7
20210801,20.8,14.5,18.2,1,0,0,152,10113,80,7
20210802,23.8,12.7,16.8,2.1,0,0,173,10149,73,6
20210803,23.9,10.6,17.2,4.5,0,0,195,10130,73,5
20210804,22,11.7,17.8,8.8,0,0,246,10127,69,4
20210805,23.8,12.7,17.4,3,0,22,291,10045,81,6
20210806,21.3,15.2,19.5,2.8,0,122,177,9985,78,6
20210807,20.7,13.4,17.4,3.8,0,52,200,9978,81,6
20210808,23,13.5,17.1,2.7,0,64,189,10056,81,5
20210809,24.1,12.7,17.9,2.8,0,122,154,10116,85,6
20210810,24.5,12.3,18.2,5.4,0,0,185,10155,77,5
20210811,22.5,12.9,18.7,9.8,0,2,270,10180,68,4
20210812,22.9,15.8,19.1,1.4,0,0,276,10182,81,6
20210813,25.3,13.6,18.2,0.3,0,0,120,10209,78,6
20210814,24.3,14.2,19.8,4.8,0,0,156,10197,73,5
20210815,18.8,14.1,19.2,3.3,0,0,235,10134,74,6
20210816,18.6,12.3,15.6,2,0,0,201,10173,68,5
20210817,24.1,11.4,15,0,0,6,137,10197,78,7
20210818,21.7,15.3,19.7,2.9,0,0,91,10168,76,7
20210819,21.6,13.7,17.7,2.7,0,6,201,10143,75,7
20210820,21.1,13.5,17.6,0,0,0,188,10161,81,7
20210821,23.1,15.5,18.3,0.9,0,26,116,10154,84,7
20210822,22,15.2,19.1,4.3,0,0,94,10190,78,7
20210823,24,15.5,18.8,3.7,0,0,197,10277,71,5
20210824,22.3,12.4,18.2,5.9,0,0,154,10294,68,4
20210825,18.7,13.2,17.8,9.8,0,0,221,10256,71,2
20210826,19.7,15.9,17.3,0.1,0,0,249,10222,65,8
20210827,20.9,12.5,16.1,3.1,0,0,136,10235,69,5
20210828,19.9,11.3,16.1,1.3,0,0,157,10260,74,5
20210829,17.1,10.4,15.2,2.4,0,0,161,10254,71,6
20210830,18.9,13.8,15.4,0,0,0,167,10262,76,8
20210831,18.7,14,16.4,0,0,0,89,10295,77,8
20210901,20.2,14,16.4,0,0,0,98,10308,73,8
20210902,22.4,15,17.6,2.8,0,0,117,10276,68,7
20210903,20.1,13.6,18,1,0,0,153,10216,72,6
20210904,26.4,12.4,16.2,1.1,0,0,127,10189,77,7
20210905,28.3,14.1,20.2,7.3,0,0,126,10205,73,3
20210906,30.2,14.3,21.3,8.6,0,0,209,10230,71,1
20210907,30.3,15.6,22.9,11.6,0,0,207,10206,61,0
20210908,23.9,15.8,23.1,10.1,0,26,243,10125,60,2
20210909,22.6,16.8,20.4,0.5,0,2,222,10085,84,7
20210910,24,16.9,19.8,0.4,0,18,97,10107,86,8
20210911,20.8,17.3,20.6,3.6,0,0,100,10163,71,6
20210912,21.8,12,16.4,3,0,0,156,10187,70,6
20210913,21,14.1,17.9,0.3,0,82,132,10176,73,7
20210914,22.3,15.7,18.4,0.3,0,60,118,10117,88,7
20210915,23.7,15,18.6,4.6,0,0,76,10143,76,5
20210916,22.1,10.9,17.3,9.1,0,0,153,10175,78,2
20210917,25.2,13.1,17.6,4.6,0,0,215,10146,77,4
20210918,18.2,12.5,18.9,4.7,0,0,166,10139,71,5
20210919,20.5,14.4,16.3,0.1,0,38,156,10146,84,6
20210920,22.2,11.7,16.1,4.4,0,0,78,10231,75,5
20210921,23,9.9,16.1,7.9,0,0,165,10302,74,1
20210922,24.3,10.4,16.7,8.4,0,0,180,10274,75,1
20210923,24.6,11.8,18.1,3.4,0,0,161,10203,80,3
20210924,18.4,12.9,18.8,7.1,0,0,,10162,77,3
20210925,23.4,15.8,17.1,0,0,0,,10142,89,6
20210926,19.1,13.1,18.2,3.1,0,56,,10117,82,6
20210927,18.9,13.8,16.4,5.1,0,4,2,10108,72,4
20210928,16.7,9.2,14.1,2.6,0,166,144,10155,83,6
20210929,16.5,8.4,12.6,8.3,0,8,136,10198,72,3
20210930,18.6,7.2,11.8,0,0,64,163,10203,83,7
20211001,15.2,12,15.3,3.5,0,0,70,10101,77,5
20211002,18,7.2,11.2,0,0,176,99,9980,88,7
20211003,18.1,10.2,14.1,5.4,0,26,46,9981,79,4
20211004,15.4,10.1,14.1,4.4,0,120,134,10079,82,6
20211005,17.6,10.8,13.1,3.2,0,0,115,10026,78,5
20211006,18.1,8.9,13.2,8.4,0,0,101,10189,68,2
20211007,17.7,11.8,14.9,0,0,2,154,10261,90,8
20211008,19.1,13.8,15.8,0,0,2,38,10296,88,7
20211009,18.9,7.6,13.3,5.7,0,0,63,10286,85,2
20211010,16.1,8.5,13.7,3.9,0,0,130,10295,81,4
20211011,16.8,7.8,11.9,4,0,0,97,10305,79,1
20211012,16.2,6.8,11.8,2.1,0,0,118,10260,85,6
20211013,19.3,7.3,11.8,1.8,0,0,97,10279,83,5
20211014,15,9.7,14.5,3.2,0,0,94,10236,80,7
20211015,17.7,12.4,13.7,0.5,0,8,99,10204,75,7
20211016,17.9,8.2,12.9,2.5,0,0,74,10203,85,5
20211017,18.3,8.8,13.3,0.7,0,2,85,10174,87,6
20211018,20.9,7.2,12.8,0,0,14,68,10161,93,6
20211019,19.1,13.3,17.1,1.3,0,184,52,10117,86,8
20211020,12.4,15.1,17.1,4.1,0,198,76,9983,82,6
20211021,14.7,8,10.2,6.8,0,0,106,10083,70,3
20211022,13.9,4.8,9.8,3.2,0,0,128,10212,76,5
20211023,15.7,8.9,11.4,0,0,0,94,10248,74,8
20211024,17.7,11,13.3,3.7,0,6,64,10178,74,6
20211025,17.1,9.7,13.7,5,0,4,93,10152,84,3
20211026,17.6,8.2,12.7,0.7,0,0,97,10181,87,7
20211027,15.4,11.5,14.6,1.8,0,0,60,10180,77,8
20211028,15.6,12.2,13.8,0.5,0,24,61,10086,80,5
20211029,15.6,12.9,14.2,1.4,0,30,52,9984,81,6
20211030,15.8,8.5,12.1,3.7,0,62,66,9970,83,4
20211031,14.9,6.1,10.9,2.7,0,18,84,9928,79,4
20211101,13.1,9.1,12,6,0,2,63,9945,73,2
20211102,10.5,1.7,7.4,6.9,0,0,92,9990,84,1
20211103,10.1,0.7,5.6,3.4,0,4,95,10045,89,4
20211104,11.1,4.5,7.3,0.4,0,0,63,10150,79,6
20211105,13.2,0.6,5.8,5.1,0,0,46,10264,82,3
20211106,13,3.2,8.2,0.2,0,0,79,10249,81,7
20211107,12.6,7.8,10.4,5.1,0,0,52,10212,68,1
20211108,16.5,3.5,8.1,0.3,0,0,83,10237,86,5
20211109,13.6,6.6,11.6,3.3,0,0,59,10234,80,5
20211110,15.5,8.5,11.1,0,0,6,59,10230,93,8
20211111,15.2,9.5,12.5,1.2,0,2,30,10226,89,6
20211112,12.8,6.3,10.8,0.7,0,8,49,10117,89,6
20211113,13.1,9.7,11.2,0,0,0,36,10158,79,7
20211114,12,10,11.6,0,0,0,29,10239,83,8
20211115,11.4,10.2,11.1,0,0,0,21,10269,83,7
20211116,12.7,2,6.7,1.8,0,2,25,10229,87,5
20211117,13.8,3.4,8.1,5.7,0,0,52,10242,84,0
20211118,12,3.9,8.8,1.9,0,0,66,10290,87,5
20211119,10.8,8.7,10.3,0,0,0,44,10307,86,8
20211120,8.6,9.7,10.2,0,0,0,16,10241,84,8
20211121,10,5,6.8,2.4,0,0,19,10197,76,4
20211122,10.2,3.5,6.8,5.8,0,0,52,10300,80,0
20211123,7.4,0.6,5.4,5,0,2,66,10323,88,2
20211124,7.4,2.3,4.8,0,0,0,52,10221,88,8
20211125,9.4,3.2,5.3,6,0,0,25,10164,76,3
20211126,5.1,1.5,5.5,0.8,0,62,60,9963,79,6
20211127,4.3,2.6,3.9,0,0,10,29,9940,80,8
20211128,9.7,-0.6,1.9,5.1,0,0,29,10069,67,3
20211129,12,-3.3,3.2,0.7,0,0,59,10146,86,4
20211130,10.1,-0.5,5.8,0,0,4,38,10103,84,8
20211201,6.6,7.9,9,2.3,0,4,32,9992,78,6
20211202,9.5,0.6,3.6,5.5,0,6,48,10118,74,3
20211203,8.4,-0.1,4.7,0.2,0,22,16,10049,90,7
20211204,6.7,5,6.7,4.6,0,34,43,9980,81,4
20211205,7.9,4.2,5.5,0,0,2,13,10064,84,7
20211206,8.2,1.7,4.8,0,0,16,13,10100,88,6
20211207,8.3,1.2,4.7,0,0,74,13,9975,86,6
20211208,9.1,4.7,6.5,0.1,0,0,15,9911,71,4
20211209,7.9,3.3,6.2,2.4,0,84,31,9991,78,5
20211210,12.6,4.2,6,4.3,0,42,40,9994,76,1
20211211,14.2,1.3,7,0.1,0,16,14,10156,89,7
20211212,11.6,3.9,9.1,0.5,0,2,18,10196,90,8
20211213,13.2,9.3,10.4,0,0,0,12,10233,89,8
20211214,13.1,8.6,10.9,0,0,0,12,10266,90,7
20211215,11.9,9.2,11.2,0,0,0,12,10307,80,8
20211216,9.6,10.1,11,0,0,0,12,10380,73,8
20211217,9.1,9.3,9.4,0.1,0,0,14,10404,82,8
20211218,6.5,7.1,8.1,0,0,0,12,10391,92,8
20211219,7.1,4,5.2,0,0,0,12,10347,98,8
20211220,6.3,3,5,0,0,0,12,10288,81,8
20211221,7.4,4.9,5.6,0,0,2,12,10253,78,6
20211222,11.3,-1.9,2.8,0,0,2,12,10192,86,6
20211223,10.5,-0.1,5.6,0,0,0,12,10081,93,7
20211224,7.9,5.4,8,0,0,134,12,10043,97,7
20211225,9.7,7.9,7.9,0,0,174,12,10034,96,8
20211226,11.2,5.4,7.5,0,0,2,12,10005,99,8
20211227,11.8,5.8,8.5,0,0,50,12,9921,97,8
20211228,15.3,8.2,10,0.1,0,12,14,9926,85,8
20211229,15,7.1,11.2,0,0,8,12,10043,90,6
20211230,15.3,9.8,12.4,0,0,26,12,10126,88,8
20211231,15.7,12.4,13.8,0.9,0,0,22,10167,86,7
20220101,12.3,12.3,14,0.8,0,12,35,10173,85,7
20220102,10.8,10.5,11.4,0.3,0,4,29,10105,86,6
20220103,7.9,8.7,9.8,0,0,4,25,10079,84,6
20220104,6.6,7.4,7.7,0,0,40,22,10015,86,6
20220105,7.4,1,3.8,5.1,0,0,27,10139,78,0
20220106,7.5,-3.5,1.9,0.9,0,12,44,10164,88,4
20220107,10.5,0,3.8,2.6,0,4,31,10107,85,3
20220108,8.9,-0.1,5.2,0,0,48,29,10015,89,7
20220109,9.2,1.8,5.3,4.7,0,0,17,10030,82,1
20220110,10.4,2,5.6,0,0,6,44,10184,93,8
20220111,9.1,4.6,7.5,0,0,26,16,10299,95,8
20220112,9.6,0.8,5,5.3,0,0,24,10406,92,0
20220113,9.5,-0.9,4.3,5.8,0,2,56,10412,89,0
20220114,5.8,-1.5,4,5.8,0,0,58,10361,89,0
20220115,9.5,-0.8,2.5,0,0,2,52,10265,94,8
20220116,10.3,2.2,5.8,1.5,0,0,28,10271,92,6
20220117,7.5,0.8,5.5,6.1,0,0,42,10377,86,0
20220118,9.4,-3.2,2.1,1.7,0,2,58,10372,93,5
20220119,6,-1.3,4,2,0,0,48,10280,83,5
20220120,5.1,0.2,3.1,4.8,0,0,46,10360,74,3
20220121,6.2,-2.6,1.2,0.5,0,0,56,10393,80,5
20220122,6.2,-1.3,2.5,0,0,0,26,10376,81,7
20220123,4.6,4.8,5.5,0,0,0,22,10353,79,8
20220124,4.8,4.1,4.3,0,0,0,14,10336,80,8
20220125,8.9,1.9,3.4,0,0,0,13,10347,86,8
20220126,13.1,1.8,5.3,0.6,0,0,13,10328,79,7
20220127,11.1,4.4,8.8,1.7,0,0,38,10288,81,4
20220128,14,0.1,5.6,1.9,0,0,39,10344,87,6
20220129,8.9,2.4,8.2,2.8,0,0,63,10285,78,6
20220130,9,0.8,4.8,5.6,0,10,64,10299,77,3
20220131,14.8,2,5.5,6.6,0,0,82,10237,66,4
20220201,12.2,3.9,9.3,5.5,0,0,88,10220,77,4
20220202,10.3,7.1,9.7,1.1,0,0,74,10224,82,6
20220203,8.5,7.1,8.7,0.1,0,18,53,10148,79,7
20220204,11,4.3,6.4,2.8,0,20,41,10117,77,5
20220205,11.7,2,6.5,3.6,0,18,68,10187,78,4
20220206,11,3.7,7.7,2.6,0,2,72,10080,74,6
20220207,12.5,1.5,6.2,3.5,0,0,75,10254,77,4
20220208,14.4,3.8,8.2,0,0,0,69,10268,74,8
20220209,8.2,7.6,11,1.2,0,12,41,10236,84,7
20220210,9.4,5.1,6.7,1,0,0,65,10232,76,5
20220211,8.8,-0.2,4.6,4.9,0,0,72,10317,75,3
20220212,9.9,-0.4,4.2,3.5,0,0,94,10219,76,6
20220213,9.4,5.8,7.8,0,0,142,70,10016,88,8
20220214,12.7,5.3,7.3,2.3,0,14,25,9993,85,6
20220215,15.1,2.2,7.5,0,0,58,62,10066,90,6
20220216,12.4,7.7,11.4,0.9,0,4,31,9963,86,7
20220217,10.7,7.7,10.1,5.2,0,14,62,10081,67,5
20220218,10.9,7.8,9.2,2.5,0,2,104,9975,74,6
20220219,12.4,2.4,6.7,0.9,0,46,70,10101,79,3
20220220,11.7,5,8.7,0,0,44,41,10038,82,7
20220221,13.6,4.2,8,1.5,0,2,27,10099,65,4
20220222,10.7,4.4,9,2.3,0,0,75,10189,74,5
20220223,8.1,1.7,6.2,2.8,0,20,67,10211,81,4
20220224,11.5,5.5,6.8,3.8,0,10,86,10114,75,4
20220225,10.9,2.7,7.1,8,0,0,99,10256,66,1
20220226,11.2,-1.1,4.9,8.7,0,0,147,10299,74,0
20220227,12.4,1.2,6.2,9.5,0,0,141,10245,68,0
20220228,8.7,3,7.7,0.2,0,70,151,10240,83,6
20220301,7.8,7.6,8.2,0,0,118,60,10255,95,8
20220302,12.4,6.4,7.1,0,0,20,25,10208,91,8
20220303,7.4,4.4,8.4,0.2,0,2,45,10152,87,7
20220304,7.4,6.7,7,0,0,2,67,10192,89,8
20220305,8.1,5.5,6.5,0,0,4,27,10237,81,8
20220306,7.8,3.6,5.8,3.4,0,0,57,10285,67,7
20220307,12.9,2.6,5.2,6.8,0,0,128,10242,70,4
20220308,13.2,-0.7,6.1,7.3,0,0,162,10148,66,2
20220309,16,5.3,9.2,3.5,0,0,161,10162,75,6
20220310,12.5,6.4,11.2,5.4,0,0,127,10157,73,5
20220311,13,8.3,10.4,0.1,0,42,130,10047,83,6
20220312,11.6,7.1,10.1,5.9,0,12,69,10080,77,4
20220313,13.3,8.1,9.8,0.3,0,0,149,10072,83,7
20220314,16,3.4,8.3,5.5,0,0,111,10230,83,3
20220315,10.8,4.5,10.2,5.6,0,2,142,10218,77,6
20220316,14.2,7.3,9.1,0,0,108,138,10183,92,8
20220317,16.1,1.7,8,9.9,0,0,44,10315,70,1
20220318,14.1,2.3,9.2,10.5,0,0,203,10417,75,0
20220319,12.1,7.4,10.8,10.9,0,0,220,10369,63,0
20220320,17.3,3.7,7.9,7.9,0,0,212,10281,58,2
20220321,19.9,0.3,8.8,8.9,0,0,187,10280,63,1
20220322,19.8,7.9,13.9,10.1,0,0,198,10282,58,2
20220323,19,5.1,12.4,10.1,0,0,209,10295,57,1
20220324,17.7,3.8,11.4,10.2,0,0,216,10298,54,0
20220325,18.3,4.7,11.2,9.8,0,0,218,10314,57,0
20220326,13.2,5.1,11.7,10.7,0,0,209,10326,58,0
20220327,16.8,5.5,9.3,2,0,0,214,10315,85,4
20220328,12.2,3.4,10.1,5.3,0,0,96,10225,79,5
20220329,11.2,7.4,9.8,0.1,0,4,171,10120,78,7
20220330,7.9,6.6,8.9,1.2,0,0,125,10063,81,8
20220331,9.2,1.3,4.6,5.6,0,0,122,10096,67,5
20220401,9.9,1.1,5.2,8.9,0,0,190,10171,63,2
20220402,10.9,0,5,7,0,0,167,10230,70,2
20220403,14.7,-1.2,4.8,5.5,0,32,155,10253,62,3
20220404,14.9,5.1,9.9,0,0,2,61,10128,81,8
20220405,16,7.3,11.1,0.4,0,8,81,10088,73,7
20220406,14,9.1,12.6,1.6,0,86,119,9970,78,7
20220407,11.7,6.9,10.4,7.1,0,0,197,9903,62,6
20220408,12.6,2.5,7.1,4,0,2,142,10010,64,4
20220409,13.4,0.9,6.8,7.5,0,0,194,10156,61,3
20220410,18.8,1,7.2,8.3,0,0,201,10188,58,2
20220411,18.6,4.4,11.6,6.8,0,2,206,10096,56,4
20220412,20,9.2,13.9,2.3,0,0,130,10061,74,6
20220413,19.8,10.1,15.1,2.1,0,0,139,10157,76,7
20220414,23.1,6.8,13.3,6.1,0,0,192,10222,72,4
20220415,19.8,7.5,15.3,10.3,0,0,242,10264,64,1
20220416,19.8,8,13.9,11.6,0,0,255,10295,68,0
20220417,17.8,7.1,13.4,10.8,0,0,234,10224,55,1
20220418,16.4,7.5,12.7,7.3,0,0,212,10172,59,3
20220419,19.1,6.7,11.6,2,0,0,124,10163,63,5
20220420,19.2,6.9,13,7.6,0,0,230,10160,60,3
20220421,17.2,6.9,13.1,12.5,0,0,266,10122,58,0
20220422,18,8.2,12.7,0.6,0,0,87,10075,65,7
20220423,18.9,9.2,13.6,3.2,0,0,187,10034,68,6
20220424,14.5,7.7,13.3,9.3,0,0,229,10084,60,2
20220425,16.6,6.3,10.4,2.9,0,32,154,10160,72,4
20220426,11.7,4.4,10.5,8.2,0,0,245,10222,61,3
20220427,14.9,5.5,8.6,0,0,0,108,10277,64,7
20220428,11.5,6,10.4,1,0,0,171,10310,64,5
20220429,18.4,5.7,8.6,0.6,0,0,112,10319,65,7
20220430,14.6,3.2,10.8,11.7,0,0,281,10291,60,2
20220501,17.1,10.4,12.5,0,0,2,100,10234,70,8
20220502,16.1,9,13.1,0.9,0,0,126,10211,72,8
20220503,20,10.6,13.3,0,0,0,107,10211,75,8
20220504,19.9,10.5,15.2,1.1,0,20,134,10193,78,7
20220505,23.3,7.5,13.7,7.8,0,0,240,10238,69,3
20220506,20.3,9.2,16.2,8.9,0,10,264,10251,68,2
20220507,20.6,12.4,16.4,2.3,0,8,162,10256,80,7
20220508,23.4,9.6,15.1,10.8,0,0,295,10286,63,3
20220509,20.9,6,14.7,8.4,0,0,248,10229,64,3
20220510,16.1,13.4,17.1,3.4,0,2,161,10148,69,7
20220511,18.9,11.7,13.9,1.1,0,32,86,10105,82,6
20220512,21.4,7,12.9,7.2,0,0,230,10183,68,3
20220513,23.4,10.1,15.8,6.8,0,0,245,10199,64,3
20220514,18.9,7.8,15.6,10.9,0,6,302,10207,65,3
20220515,23.1,12.9,15.9,0,0,26,82,10151,78,8
20220516,27.5,12.2,17.6,3.4,0,0,185,10144,77,6
20220517,23.1,10.9,19.2,8.7,0,6,290,10171,67,5
20220518,22.4,11.1,17.1,8.5,0,4,273,10187,62,3
20220519,19,13.9,18.1,8,0,12,265,10182,65,4
20220520,22,12.1,15.6,2.2,0,16,141,10187,73,6
20220521,23.8,9.5,15.8,6.1,0,0,249,10207,63,3
20220522,20.7,9.3,16.6,9.4,0,0,288,10133,61,2
20220523,19.8,11.3,16,1.3,0,46,140,10026,71,7
20220524,19.1,9.8,14.8,6.3,0,28,242,10062,73,5
20220525,21.8,9.1,14.1,2.1,0,4,157,10137,75,6
20220526,20.8,10.5,16.1,1.7,0,0,162,10213,74,6
20220527,19.1,13,16.9,11.9,0,0,333,10244,59,3
20220528,17,8.6,13.8,5.9,0,0,227,10249,56,4
20220529,16.1,7.9,12.4,6.1,0,0,222,10193,57,4
20220530,16.4,5.6,10.8,1.1,0,54,151,10136,79,6
20220531,18.7,8.6,12.5,3,0,66,176,10125,83,6
20220601,22.3,8,13.3,4.5,0,0,206,10171,69,5
20220602,23.3,8.1,15.2,9.4,0,0,285,10199,62,2
20220603,21.6,11.2,17.2,3.6,0,4,239,10179,59,7
20220604,15.2,12.1,16.9,2.9,0,106,195,10199,67,7
20220605,19,11,13.1,0,0,68,60,10161,91,8
20220606,22.4,11.7,15.3,0,0,0,110,10145,85,8
20220607,23.5,9.6,16,8.6,0,8,283,10116,74,5
20220608,21,14.1,18.8,7.4,0,0,281,10059,68,6
20220609,24.5,11,16,3.8,0,4,197,10153,73,5
20220610,23.8,15.3,19.9,9.2,0,0,278,10184,67,5
20220611,22.9,11.5,17.6,8.4,0,0,258,10216,63,3
20220612,21.7,10.7,16.8,8.1,0,0,274,10235,59,3
20220613,24.9,9.6,15.7,10.6,0,0,293,10245,57,2
20220614,27.9,9.8,17.4,13.9,0,0,354,10207,55,0
20220615,29.4,11.3,19.6,12.7,0,0,326,10185,52,1
20220616,32.7,13.8,21.6,11.7,0,0,312,10215,49,2
20220617,24.8,15.3,24,11.4,0,0,307,10196,48,1
20220618,19.7,18,21.4,2.5,0,18,147,10178,74,5
20220619,22.5,9.7,14.7,2.3,0,2,179,10151,67,7
20220620,26.2,11.4,16.9,13.9,0,0,361,10185,57,2
20220621,27.9,10.6,18.4,13.5,0,0,332,10147,50,0
20220622,26.7,12.5,20.2,14.1,0,2,348,10133,50,0
20220623,22.5,13.9,20.3,1.3,0,0,179,10096,66,6
20220624,22.3,14.5,18.5,3,0,16,164,10047,72,6
20220625,22.8,12.4,17.4,6.7,0,0,254,10077,67,4
20220626,21,11,16.9,11.1,0,0,298,10121,57,3
20220627,23.2,11.7,16.4,4.6,0,4,207,10162,67,4
20220628,22,11.2,17.2,7.7,0,6,279,10175,60,4
20220629,20.7,14.3,18.1,1.6,0,2,187,10120,72,7
20220630,22.1,13.3,17,3.7,0,0,196,10120,71,6
20220701,23.8,12.4,17.2,5,0,24,211,10165,69,6
20220702,24.2,11.8,17.8,4.2,0,0,233,10183,68,5
20220703,23.3,10.6,17.4,7.3,0,0,255,10194,64,4
20220704,22.3,11.3,17.3,8.3,0,0,285,10214,56,5
20220705,25.3,10.8,16.6,5.7,0,0,,10251,58,3
20220706,25.2,12.5,18.9,3.1,0,0,195,10266,60,5
20220707,28.7,16.5,20.9,6.7,0,0,226,10287,59,4
20220708,27.5,13.8,21.2,12.8,0,0,331,10315,55,0
20220709,29.7,15.5,21.5,10.9,0,0,296,10301,54,1
20220710,31.8,14.6,22.1,13.6,0,0,327,10266,54,0
20220711,31.3,16.5,24.1,11.8,0,0,314,10231,45,2
20220712,28.7,19.7,25.5,2.8,0,0,190,10220,47,7
20220713,25.3,20.9,24.8,6.3,0,0,251,10214,49,6
20220714,27.2,15,20.1,12.2,0,0,299,10228,50,1
20220715,29.1,13.2,20.2,11.9,0,0,306,10239,49,2
20220716,30.8,14,21.6,13.5,0,0,325,10249,50,0
20220717,37.1,15.5,23.1,13.2,0,0,299,10248,42,1
20220718,40.2,17.7,27.4,11.7,0,0,305,10191,33,1
20220719,27.2,21.7,30.9,11.3,0,8,292,10118,37,2
20220720,24.2,19,23.1,2.9,0,40,175,10158,71,7
20220721,23,15.8,20,2.3,0,0,135,10214,68,7
20220722,27.9,17.1,20.1,1.5,0,4,133,10200,66,7
20220723,29,15.6,21.8,8.7,0,0,258,10186,64,4
20220724,24.9,17.9,23.4,10.9,0,0,298,10137,60,5
20220725,22.8,17.8,21.4,1.6,0,0,154,10108,65,7
20220726,22.1,15,18.9,2,0,0,144,10193,65,7
20220727,25.2,13.7,17.9,1.1,0,0,101,10201,64,7
20220728,28.4,15.5,20.4,7,0,0,237,10174,55,6
20220729,27,14.4,21.4,7.3,0,0,248,10184,53,4
20220730,27.6,15.9,21.4,2.5,0,0,185,10182,62,5
20220731,27.8,19.8,23.7,1,0,0,135,10162,67,7
20220801,26.9,18.1,22.9,5.2,0,0,205,10180,62,6
20220802,27.2,18.3,22.6,2.5,0,0,140,10152,71,6
20220803,25.5,17.8,22.5,0.7,0,0,130,10135,75,6
20220804,23.3,15.8,20.6,7.7,0,0,224,10154,54,5
20220805,24.8,14.3,18.8,11.4,0,0,279,10226,44,3
20220806,27.6,10.5,17.6,13.5,0,0,294,10283,45,0
20220807,29.7,12.6,20.1,13.5,0,0,294,10258,46,0
20220808,29.1,15.8,22.8,12.2,0,0,272,10265,53,1
20220809,30.9,15.6,22.4,13.1,0,0,280,10285,58,0
20220810,33.3,15,22.9,13.3,0,0,287,10254,56,0
20220811,33.9,15.7,24.5,13.4,0,0,283,10214,49,1
20220812,34.2,17.6,25.8,13.2,0,0,280,10180,42,1
20220813,33.1,18.2,26.2,12.5,0,0,265,10137,42,1
20220814,29.5,18.2,25.6,9.7,0,0,231,10067,40,2
20220815,23.6,18.1,23.8,7.4,0,0,209,10030,51,4
20220816,24.4,18.3,20.9,0.4,0,134,105,10074,76,6
20220817,27.8,16.7,20.6,0.7,0,140,92,10119,87,6
20220818,25.2,17.5,22.6,5.9,0,0,202,10140,72,6
20220819,26,18.9,22.1,8,0,0,221,10148,60,4
20220820,25.4,13.3,19.6,7.9,0,0,209,10172,64,2
20220821,23.4,14.4,19.9,6.8,0,0,203,10158,66,4
20220822,26.5,14,18.7,3.5,0,0,130,10138,76,5
20220823,29.1,17.8,22.1,3.8,0,0,158,10140,80,6
20220824,21.8,20,24.6,8,0,246,212,10162,66,5
20220825,25.2,17.8,19.8,1.5,0,24,88,10175,86,6
20220826,25.3,11.3,18.2,8.7,0,0,227,10192,69,3
20220827,24.4,15.6,20.4,9.1,0,0,196,10190,64,3
20220828,23.3,13.8,19.1,6.6,0,0,185,10218,66,3
20220829,24.4,15.6,19.4,2.6,0,0,145,10228,64,7
20220830,24.7,13.5,18.9,5.8,0,0,175,10230,66,5
20220831,23.7,13.8,19.2,5.7,0,0,155,10236,42,1
20220901,24.2,15.2,19.4,0.7,0,40,93,10192,70,7
20220902,23.7,16.3,20.2,0.1,0,0,92,10125,78,8
20220903,24.6,15,19.4,5.8,0,88,149,10095,78,5
20220904,22.8,15.8,20.2,2.9,0,26,146,10143,73,7
20220905,22.2,14.5,18.6,3.9,0,90,115,10152,80,5
20220906,21.3,14.9,18.6,2.8,0,194,105,10116,89,5
20220907,20.1,14,17.6,6.4,0,90,149,10084,86,5
20220908,22.1,13,16.6,1.8,0,62,84,10041,93,8
20220909,22.5,14.7,18.4,2.9,0,68,139,10063,85,7
20220910,23.4,12.4,17.4,3.8,0,0,146,10155,82,4
20220911,26.2,12.4,17.9,4.1,0,0,148,10179,83,4
20220912,18.8,14.8,20.5,4.4,0,0,142,10119,74,7
20220913,22,15.9,17.4,0,0,58,67,10106,83,8
20220914,19.1,14.4,18.2,6.3,0,0,164,10077,78,5
20220915,17.7,12.6,15.8,1.7,0,0,114,10129,68,8
20220916,17.6,10.4,14.1,6.6,0,0,162,10182,60,4
20220917,18,6,11.8,11.1,0,0,201,10225,57,1
20220918,18.6,7.7,12.8,5.6,0,0,142,10216,67,6
20220919,19.8,11.6,15.1,1.6,0,2,110,10246,73,8
20220920,21.2,8.8,14.3,4.7,0,0,130,10262,72,5
20220921,20.7,13.6,17.4,2.9,0,0,106,10256,66,8
20220922,18.9,9.6,15.2,6.8,0,30,152,10199,77,4
20220923,18.9,14.4,16.6,1.5,0,0,88,10152,81,7
20220924,16.7,9,13.9,7.2,0,0,142,10171,74,3
20220925,15.7,8.9,12.8,6.5,0,16,143,10181,67,4
20220926,15,11.1,13.4,3.8,0,0,105,10033,72,8
20220927,15.6,8.6,11.8,1.6,0,16,85,10017,77,6
20220928,16.9,5.2,10.4,5.6,0,0,104,10004,73,4
20220929,16.7,5.9,11.4,5.7,0,0,126,10041,73,5
20220930,19.4,7.4,12.1,0.3,0,82,63,10055,89,7
20221001,18.6,10.5,14.9,6.2,0,2,125,10076,77,5
20221002,18.4,13,15.8,4.6,0,0,113,10208,75,5
20221003,18.3,7,12.7,2.1,0,0,105,10254,80,6
20221004,18.8,12.1,15.2,0.3,0,0,59,10170,83,8
20221005,19.2,15.4,17.1,0.6,0,12,45,10128,76,6
20221006,19.5,7.7,13.4,7.6,0,0,133,10272,76,1
20221007,17.2,12.2,15.8,4.3,0,22,101,10197,82,4
20221008,18.3,6.7,11.9,9.4,0,0,152,10232,76,0
20221009,16.1,5.6,11.9,8.5,0,32,143,10176,75,3
20221010,16.5,9.2,12.7,7.2,0,0,131,10184,72,3
20221011,17.8,4.4,10.4,8.9,0,0,137,10268,73,1
20221012,17.8,5,11.4,1.9,0,36,84,10208,81,7
20221013,16.3,11.8,14.8,2.5,0,0,61,10157,89,6
20221014,17.8,9.3,12.8,0,0,6,44,10101,91,6
20221015,17,7.7,12.8,5.2,0,0,95,10039,83,5
20221016,19.3,10.4,13.7,4.9,0,58,81,10099,79,4
20221017,18,13.5,16.4,5.8,0,0,93,10173,78,5
20221018,17.2,6,12,8.3,0,0,120,10274,80,2
20221019,16.7,11.3,14.2,4.8,0,12,97,10193,83,4
20221020,18.2,14.1,15.4,2.2,0,110,42,10068,91,5
20221021,18.6,9.5,13.8,2.5,0,96,67,10016,90,7
20221022,19.4,12.2,15.4,3.2,0,68,79,10089,86,6
20221023,18.7,13.1,16.2,2.4,0,196,61,10009,90,8
20221024,17.8,11.9,15.3,6,0,30,93,10028,83,6
20221025,19.1,10.6,14.2,4.2,0,0,72,10109,86,5
20221026,20.8,13.7,16.4,4.6,0,24,72,10110,81,4
20221027,18.9,11.9,16.4,1.9,0,2,61,10140,87,5
20221028,21.8,12.7,15.8,4.2,0,10,71,10152,82,4
20221029,17,10.6,16.2,4.2,0,6,75,10138,85,7
20221030,17.5,12.9,14.9,0.6,0,2,41,10147,86,5
20221031,16.1,9.8,13.7,3.7,0,90,60,10107,89,5
20221101,15.2,11,13.6,2.9,0,26,56,10058,81,6
20221102,12.7,8,11.6,3.2,0,344,62,10127,78,4
20221103,12.8,10,11.3,1.6,0,20,34,10010,90,7
20221104,13.9,6.4,9.6,7,0,2,84,10105,82,3
20221105,14.1,5.7,9.8,0,0,168,21,10135,92,8
20221106,15.3,9.3,11.7,1,0,66,22,10033,92,6
20221107,15.3,9.5,12.4,0,0,26,25,10033,86,7
20221108,15,12.1,13.7,1.7,0,62,46,9976,81,6
20221109,15.4,10.2,12.6,5.9,0,0,74,10068,81,5
20221110,16.5,9.3,12.3,0.1,0,0,22,10201,80,6
20221111,16.9,13.4,14.9,0.9,0,0,35,10258,79,8
20221112,14.4,8.8,12.8,4.1,0,0,49,10265,91,4
20221113,14,9.4,11.9,2.5,0,2,47,10195,95,6
20221114,14.7,7.4,10.7,0.6,0,30,27,10085,96,7
20221115,12.7,8.2,11.4,1.5,0,122,21,9960,88,6
20221116,11.9,7.1,9.9,3.3,0,160,50,9884,90,6
20221117,12.7,8.6,10.2,1.4,0,2,41,9838,84,7
20221118,10.8,7.1,9.9,4.9,0,0,54,10010,75,6
20221119,11.4,7.3,9.1,1,0,58,30,10124,79,7
20221120,9.2,4,7.7,4.4,0,2,53,10085,87,5
20221121,10.8,3.7,6.5,0,0,58,8,9940,89,7
20221122,12.6,5,7.9,4.9,0,20,50,9889,83,4
20221123,13.2,2.6,7.6,4.3,0,8,48,9920,82,4
20221124,12.5,5.9,9.6,0.4,0,14,33,10025,83,4
20221125,12.8,7.2,9.8,6.4,0,0,53,10151,80,1
20221126,13.4,7.5,10.2,1,0,38,30,10226,85,7
20221127,11.9,9.3,11.3,0,0,6,,10123,94,8
20221128,7.3,4.4,8.2,2.6,0,4,35,10095,92,4
20221129,9.9,4.3,5.8,0,0,0,9,10201,94,8
20221130,7.2,6,8,2.3,0,0,,10255,92,5
20221201,7.6,3.7,5.5,1.9,0,0,30,10291,96,8
20221202,7.7,3.9,5.8,1.7,0,2,28,10259,90,7
20221203,6.1,4.7,6.2,0,0,2,13,10206,77,8
20221204,8.3,3.9,5,0,0,0,13,10171,82,8
20221205,7.3,3.8,6,0.1,0,0,15,10221,86,8
20221206,6.4,2.9,5.1,4.2,0,0,40,10240,84,5
20221207,4,1.1,3.8,4.7,0,0,42,10212,86,3
20221208,3.7,-3.2,0.4,6.1,0,4,48,10119,85,0
20221209,5,-3.7,0,1.6,0,0,26,10089,88,4
20221210,0.4,-4.3,0.3,5.8,0,0,46,10101,89,1
20221211,1.4,-3.8,-1.7,0,0,2,12,10080,97,8
20221212,1.7,-3.2,-0.9,0,0,0,12,10088,94,7
20221213,1.3,-1.9,-0.1,0,0,0,12,10074,84,5
20221214,2.2,-2.1,-0.4,2.2,0,0,29,10062,83,4
20221215,3.2,-5.9,-1.9,6.1,0,0,47,10116,82,0
20221216,5,-4.7,-0.8,5.7,0,0,45,10185,88,1
20221217,12.5,-5.4,-0.2,1.3,0,2,24,10223,88,5
20221218,13.3,-3.9,4.3,0,0,80,12,10161,94,6
20221219,11.2,0.8,7,0,0,60,12,10065,93,8
20221220,12.2,8.6,9.9,5,0,0,42,10072,86,4
20221221,12,4.3,8.2,1,0,2,22,10063,90,7
20221222,13.9,5.8,8.9,0,0,94,12,10034,93,8
20221223,10.9,6.4,10.2,0.8,0,48,20,10027,89,6
20221224,11.8,6.6,8.8,0,0,20,12,10096,91,4
20221225,8.2,6.8,9.3,0.3,0,16,16,10078,89,8
20221226,11.4,3.4,5.8,5.8,0,0,46,10156,80,2
20221227,12,1.9,6.7,0.5,0,62,18,10193,88,6
20221228,9.8,5.7,8.8,0,0,36,12,10019,91,8
20221229,14.1,8.1,8.9,1.5,0,6,25,10010,76,4
20221230,14,4.5,9.3,0.1,0,18,14,9971,86,7
20221231,12.3,8.9,11.4,0,0,62,13,9995,87,8
20230101,9.3,10,11.2,0,0,46,21,10080,81,7
20230102,13.4,5.2,7.2,5.2,0,4,44,10169,86,3
20230103,13.9,2.1,7.8,0,0,30,9,10186,93,7
20230104,13.5,9.2,11.6,0.4,0,2,17,10146,82,6
20230105,12.7,8.9,11.2,0.4,0,24,28,10186,82,8
20230106,11.4,6.3,9.5,2.2,0,6,34,10138,87,4
20230107,9.5,6.7,9.1,0,0,32,8,10006,84,7
20230108,9.6,6.5,8,0.2,0,72,14,9928,87,6
20230109,13,4.4,7,2.4,0,20,38,10014,80,4
20230110,12.2,3.9,8.4,0,0,36,10,10083,89,7
20230111,12.7,6.8,9.5,3.1,0,40,27,10085,81,5
20230112,11.5,7.2,9.9,0.1,0,38,14,10031,83,7
20230113,12.6,7.2,9.3,4.9,0,84,44,10088,72,2
20230114,8.2,6,9.3,0.1,0,16,19,10006,84,8
20230115,5.3,3.8,6,2.5,0,108,33,9984,77,4
20230116,0.8,2.7,4,1.1,0,0,28,9864,83,6
20230117,5.2,-5,-2.1,0.7,0,0,35,9899,86,4
20230118,5.6,-3.8,0.7,6,0,0,60,9983,84,2
20230119,6.3,-2.7,1.4,6,0,0,62,10082,83,3
20230120,6.2,-1.3,2.5,5.3,0,2,52,10192,79,2
20230121,3.7,-1.4,2.4,6.4,0,0,58,10325,84,1
20230122,5.2,-4.7,-0.5,3.6,0,0,50,10359,94,1
20230123,5,-8.4,-1.6,6.3,0,2,64,10379,85,4
20230124,6.1,-5.1,-0.1,2.9,0,0,45,10391,81,5
20230125,8,-3.3,1.4,0,0,28,18,10333,97,7
20230126,7.3,-0.6,3.7,0.8,0,0,34,10305,83,6
20230127,6.2,3.9,5.6,0.2,0,0,37,10309,79,6
20230128,8.9,1.7,4,0,0,0,30,10321,76,8
20230129,9.9,3.5,6.2,0,0,0,25,10267,88,6
20230130,12.5,5,7.5,5.6,0,0,65,10251,74,3
20230131,10.4,3.3,7.9,1.8,0,0,40,10251,75,6
20230201,11.4,4.3,7.3,2.5,0,0,50,10251,75,5
20230202,13.6,6,8.7,0.4,0,0,37,10273,80,7
20230203,9.4,7.7,10.7,4,0,0,61,10315,81,6
20230204,8.9,8.1,8.8,0.1,0,0,23,10382,82,8
20230205,11.6,3.3,6.1,6.1,0,0,71,10447,74,2
20230206,8.8,0.8,6.2,8.1,0,0,87,10421,74,3
20230207,8.3,-1.7,3.5,5.1,0,0,77,10390,83,2
20230208,10.9,-3.9,2.2,8,0,0,95,10348,83,1
20230209,9.1,-2,4.5,4.5,0,0,72,10329,80,4
20230210,10.3,-1.9,3.6,4.6,0,0,77,10367,82,4
20230211,8.7,1.2,5.8,0,0,0,25,10368,79,8
20230212,12.6,7.1,7.9,0,0,0,20,10374,79,8
20230213,12.2,3.1,7.8,8.3,0,0,99,10341,77,3
20230214,15.6,-0.2,6,4.9,0,2,81,10308,86,3
20230215,13.4,1.2,8.4,7.4,0,4,94,10235,79,5
20230216,15.2,6,9.7,0,0,0,38,10202,88,7
20230217,12.8,9.3,12.2,0.5,0,0,49,10216,84,8
20230218,13.8,10.3,11.6,0,0,2,23,10215,81,8
20230219,13.8,6.4,10.1,5.9,0,0,94,10264,74,3
20230220,9.8,5.9,9.8,1.8,0,0,62,10242,83,7
20230221,9.7,7.5,8.7,0,0,30,28,10180,88,8
20230222,8.9,5.7,7.7,0,0,4,31,10120,88,8
20230223,10.7,5.8,7.3,0.3,0,0,46,10183,80,7
20230224,8.2,-1.3,4.7,1.6,0,0,59,10142,78,6
20230225,8.2,3.3,5.8,1.4,0,0,66,10176,73,5
20230226,8.7,1.2,4.7,3.6,0,0,87,10272,66,3
20230227,8,0.1,4.4,1.9,0,0,70,10318,71,4
20230228,8.6,1.2,4.6,0.3,0,0,36,10327,80,5
20230301,9.6,4,6.3,1.4,0,0,56,10292,77,8
20230302,6.9,1.5,5.5,8,0,0,130,10261,70,3
20230303,7.2,3.5,5.2,0,0,0,41,10291,69,8
20230304,5.4,4.6,5.9,0,0,0,44,10295,67,8
20230305,10.1,3.2,4.3,0,0,0,41,10193,67,8
20230306,5.7,0.3,5.2,0.1,0,56,63,10061,81,8
20230307,3.8,1.9,3.8,0.2,0,52,56,10003,86,7
20230308,11.6,0.5,2.1,0,0,102,27,9916,93,8
20230309,5.6,1.4,6.5,0,0,58,40,9910,95,8
20230310,10.1,2.7,4.2,0.7,0,0,70,9971,81,7
20230311,14.2,-2.2,4,4,0,12,119,10095,77,7
20230312,14.5,3.2,8.7,1.3,0,10,74,10057,87,6
20230313,10.3,9.9,12.2,1.5,0,20,86,9905,78,8
20230314,10.2,4.1,7.2,5.2,0,2,135,10032,69,5
20230315,14,0,5.1,2.6,0,34,96,10157,85,4
20230316,15.2,4.1,9.1,1.5,0,4,93,10062,82,7
20230317,15.4,10,12.6,2.5,0,22,73,10039,86,7
20230318,11.1,8.9,12.2,2.5,0,18,104,10062,87,7
20230319,13.3,5.9,8.5,1.9,0,2,93,10159,74,7
20230320,14.8,7.6,10.4,0,0,26,43,10166,87,8
20230321,15.8,8.8,11.8,1.8,0,12,85,10089,82,8
20230322,15.5,10.2,13,1.5,0,10,101,10009,80,7
20230323,14.6,8.8,12.2,2.9,0,32,113,9970,79,7
20230324,14.9,7.5,11.1,3.8,0,110,121,9981,83,5
20230325,9.2,7.5,11.2,5.9,0,68,159,10036,71,6
20230326,11.9,6.3,7.8,0,0,4,57,10078,81,8
20230327,11,4.1,8,7.1,0,2,181,10252,58,6
20230328,14,4.3,7.7,0,0,20,46,10188,80,8
20230329,16.5,7,10.5,0,0,64,38,10087,91,8
20230330,15.3,10.3,13.4,3.5,0,72,144,10030,79,7
20230331,11.9,9.9,12.6,0.3,0,112,64,9891,91,8
20230401,11.6,8.8,10.3,0.6,0,0,87,10069,82,8
20230402,12.3,6.5,9.1,4.4,0,0,108,10259,70,5
20230403,14.9,1.2,6.8,8.1,0,0,202,10301,68,2
20230404,14.3,0.3,7.6,11.8,0,0,241,10273,60,0
20230405,15,4.3,9.3,3,0,34,141,10208,73,7
20230406,15.9,8.7,11.8,1.9,0,24,104,10145,83,6
20230407,15.9,4.1,10,10.6,0,0,236,10209,62,3
20230408,16.4,3.9,9.9,9.2,0,0,214,10255,70,2
20230409,16,5.3,10.8,7.5,0,62,205,10214,71,6
20230410,13.3,10.1,13.1,3.9,0,56,125,10101,76,7
20230411,12.2,5.9,9.6,4,0,82,123,10086,77,5
20230412,14,4.8,8.5,4.5,0,8,172,9936,76,7
20230413,10.6,5.8,9.9,9.6,0,12,220,10019,63,4
20230414,16,3.6,7.1,0.4,0,62,112,10046,85,7
20230415,16.1,6.7,11.3,5.1,0,0,172,10183,75,7
20230416,17.5,7.7,11.9,3.4,0,0,173,10262,69,7
20230417,13.2,10.4,13.9,5.7,0,0,182,10277,72,5
20230418,16.7,7.5,10.3,3.7,0,0,118,10277,71,7
20230419,16.2,7.8,12.2,7.3,0,0,182,10250,67,3
20230420,11.4,4.3,10.2,9.5,0,16,246,10211,65,2
20230421,14.6,6.3,8.8,1.6,0,38,96,10124,82,6
20230422,15.3,3,8.8,4.1,0,6,146,10056,76,6
20230423,12.8,8.4,11.8,1.6,0,60,119,10014,79,7
20230424,12.4,5.8,9.3,3.7,0,118,150,10102,81,7
20230425,11.5,2.4,7.4,8.9,0,0,233,10184,60,4
20230426,15.1,4.8,8.2,0,0,0,85,10185,65,8
20230427,18.6,5.5,10.3,0,0,80,88,10148,78,6
20230428,19.1,9.5,14.1,1.6,0,0,141,10117,81,7
20230429,17.8,6.2,12.7,9.3,0,0,240,10206,73,2
20230430,18.1,6.1,11.9,6.1,0,0,195,10210,71,4
20230501,15.1,10.5,14.3,3.8,0,34,163,10184,72,6
20230502,15.6,9.1,12.1,1.9,0,0,117,10264,76,5
20230503,19,5.5,10.6,12.8,0,0,299,10257,69,0
20230504,19.5,7.7,13.3,4.9,0,0,183,10151,72,6
20230505,14.5,11.3,15.4,6.7,0,18,221,10140,71,5
20230506,20.6,9.8,12.2,0,0,56,71,10138,92,7
20230507,15,12.2,16.4,3.9,0,0,148,10174,77,5
20230508,18.2,10.2,12.6,0,0,90,82,10189,89,6
20230509,18,12.3,15.2,1,0,64,132,10109,87,7
20230510,18.8,9.2,13.6,6.6,0,96,213,10129,82,6
20230511,13.8,8.9,13.8,5.8,0,0,197,10161,74,5
20230512,14,9.5,11.7,1.2,0,2,109,10228,84,7
20230513,21.4,9.4,11.7,0,0,0,100,10263,84,8
20230514,17,8.4,14.9,6.5,0,24,242,10206,71,6
20230515,17.5,9.8,13.4,8.8,0,0,251,10204,62,5
20230516,19,6.8,12.2,8.7,0,0,259,10253,62,2
20230517,20.4,7.5,13.2,5.9,0,0,204,10284,68,4
20230518,17.9,9.1,14.8,7.1,0,0,234,10281,61,7
20230519,20.1,10.1,14,2.3,0,0,180,10272,67,6
20230520,19.7,7.1,13.6,7.6,0,0,255,10252,62,3
20230521,19.7,8.5,14.1,5.8,0,0,219,10218,62,4
20230522,18.9,12,15.8,3.9,0,0,149,10216,56,5
20230523,21.9,9.1,14,6.7,0,0,230,10267,62,2
20230524,19.4,8.6,15.2,12.8,0,0,308,10259,64,1
20230525,20.4,11.6,15.5,9.3,0,0,292,10294,63,4
20230526,22.1,8.7,14.6,12.1,0,0,335,10313,60,2
20230527,22.7,8.4,15.2,13.7,0,0,336,10263,64,0
20230528,18.4,9,15.8,11.9,0,0,312,10234,55,1
20230529,18.6,8.3,13.3,11.8,0,0,317,10277,58,1
20230530,19.6,9.1,13.8,7.2,0,0,284,10294,66,5
20230531,19.8,10.3,14.9,5.9,0,0,235,10270,71,6
20230601,19.4,9.9,14.8,7.1,0,0,251,10255,70,6
20230602,22.8,10.5,14.9,9.1,0,0,292,10245,59,5
20230603,22.9,7.4,15.1,8.8,0,0,275,10235,64,3
20230604,18.8,9.1,16,13.9,0,0,0,10239,57,0
20230605,18,9.5,14.2,5.8,0,0,226,10245,66,6
20230606,22.7,11.4,14.7,3.1,0,0,169,10236,66,7
20230607,23.4,10.6,16.6,9.4,0,0,289,10218,67,4
20230608,27,10.3,16.9,11.9,0,0,325,10184,62,2
20230609,31,11.7,19.4,11.6,0,0,317,10140,64,2
20230610,31.2,13.1,22.1,12,0,0,290,10131,58,1
20230611,28.7,16.5,23.9,7.6,0,128,209,10138,66,4
20230612,28.8,16.9,22.8,6,0,266,237,10144,77,5
20230613,28.7,14.2,21.5,14.2,0,0,339,10143,52,0
20230614,27.5,11.4,20.1,13,0,0,322,10174,51,0
20230615,28.1,14.1,20.8,11.8,0,0,300,10200,54,1
20230616,26.2,15.2,21.6,12.2,0,0,326,10191,48,1
20230617,27.1,14.6,20.4,7.5,0,10,253,10141,56,4
20230618,25,16.8,21.9,4.1,0,26,188,10090,76,7
20230619,22.9,14.5,19.8,9.2,0,40,285,10105,71,4
20230620,25.8,16.9,19.9,3.9,0,0,166,10082,74,6
20230621,29,15.4,20.6,10,0,0,268,10159,67,3
20230622,27.6,14.5,21.8,9.6,0,0,301,10188,65,4
20230623,29.2,16.4,22,10.3,0,0,299,10233,63,2
20230624,31.3,16,22.6,8.1,0,0,267,10227,66,4
20230625,23.3,15.9,23.6,13,0,0,333,10145,56,1
20230626,23.2,13.9,18.6,8.1,0,0,254,10198,58,3
20230627,26.6,14.4,18.8,2.3,0,0,178,10209,65,7
20230628,23,18.3,22.4,0.7,0,90,112,10170,75,8
20230629,19.4,15,19,4.8,0,2,208,10160,70,7
20230630,23.2,11.8,15.6,1.1,0,6,128,10119,74,6
20230701,22.2,15.8,19.5,2.4,0,0,198,10064,68,8
20230702,21.6,12,17.1,7.6,0,0,263,10117,59,4
20230703,18.7,12.2,16.9,5.7,0,0,220,10110,61,6
20230704,21.6,13.6,16.1,0.9,0,202,99,10100,79,8
20230705,22.8,10,15.8,5.8,0,4,221,10113,71,5
20230706,29.7,11.2,17,7.1,0,0,249,10160,61,4
20230707,26.8,10.3,20,13.8,0,0,335,10153,52,0
20230708,24.6,19.4,23.1,3.2,0,4,157,10150,65,5
20230709,25.2,16.4,20.5,4.1,0,0,203,10191,68,6
20230710,23.6,13.8,19.5,7.4,0,8,246,10189,68,5
20230711,23.2,16.7,20.1,2.5,0,0,193,10100,71,8
20230712,23.4,13.6,18.4,6.5,0,0,232,10117,68,5
20230713,20.1,13.3,18.4,2.9,0,6,182,10160,71,5
20230714,22.4,14.5,17.3,0,0,72,56,10081,88,8
20230715,22.9,15.4,18.9,6.8,0,0,260,10010,72,8
20230716,24.1,14.3,18.6,4.7,0,18,209,10097,66,6
20230717,24.3,12.6,18.4,10.6,0,2,311,10177,65,3
20230718,23.7,12.4,18.4,3.4,0,4,212,10180,65,7
20230719,23.6,15.3,19.5,4.5,0,0,222,10152,65,7
20230720,22,12.5,18.1,8.2,0,0,262,10154,58,5
20230721,20,12.3,17.1,5.8,0,0,208,10142,61,4
20230722,24.3,13.5,16.8,0,0,90,78,10104,83,8
20230723,17.7,15,19.6,7.8,0,8,236,10032,75,5
20230724,21.9,14.7,16.2,0,0,4,106,10058,81,8
20230725,23.7,12.6,17.2,7.5,0,0,237,10108,64,6
20230726,22.9,11.1,17.4,7.6,0,110,221,10118,72,4
20230727,23.9,15.1,19,0.5,0,0,129,10035,84,8
20230728,25,17,20.4,1.8,0,2,157,10060,75,8
20230729,21.1,15.9,20.4,5.6,0,0,213,10065,66,6
20230730,20.3,14.5,17.8,2.8,0,72,126,10107,79,7
20230731,24.5,16.5,18.4,2.6,0,8,115,10045,83,6
20230801,21.2,13.9,19.2,5.5,0,76,218,10013,73,6
20230802,22.2,15,18.1,2.8,0,194,128,9886,89,7
20230803,20.4,14.7,18.4,5.8,0,0,198,10051,71,6
20230804,19,14,17.2,0.9,0,16,150,10171,72,7
20230805,20.2,13.2,16.1,0.3,0,84,84,10081,86,8
20230806,22.7,11,15.6,6.8,0,0,195,10169,71,3
20230807,18.9,10.3,16.5,11.1,0,2,261,10194,66,2
20230808,25,11.9,15.4,0,0,32,74,10152,90,7
20230809,26.3,12.6,18.8,12.1,0,0,272,10180,72,2
20230810,25.3,13.9,20.1,10.5,0,0,248,10191,70,2
20230811,22.5,17.7,21.5,5.1,0,0,182,10173,73,6
20230812,23.6,13.7,18.1,3.7,0,0,165,10145,76,6
20230813,22.4,15.9,19.8,2.5,0,42,164,10138,71,8
20230814,25,15,18.7,1.7,0,2,115,10110,84,8
20230815,26.3,12.3,18.6,9.4,0,0,253,10160,73,3
20230816,24.6,13.4,19.9,8.3,0,0,218,10202,67,1
20230817,24.2,15.4,20,7,0,20,196,10195,74,5
20230818,24.7,17.8,21,2.9,0,30,137,10131,83,8
20230819,25.9,17.6,21.1,7.1,0,0,210,10140,74,5
20230820,25.1,14.9,20.4,8.4,0,0,228,10218,74,3
20230821,26.4,14.6,19.9,7.7,0,0,233,10232,74,5
20230822,27.6,14.9,20.6,9.1,0,0,241,10206,70,3
20230823,24.6,14.8,21.2,10.4,0,4,254,10195,66,4
20230824,22.1,16.6,20.6,1.9,0,0,120,10121,75,6
20230825,21.1,13.9,18,6,0,0,196,10099,63,7
20230826,21.4,11.7,16.4,4.2,0,10,154,10087,78,5
20230827,21,10.5,15.9,7.3,0,2,189,10109,73,4
20230828,21.5,12,16.5,4.8,0,0,166,10147,70,6
20230829,21.1,14.4,17.9,2.2,0,4,132,10121,72,8
20230830,17.3,10.5,15.8,5.5,0,0,178,10088,68,5
20230831,22.9,11.3,14.3,0.1,0,12,85,10098,83,8
20230901,24.4,14,18.4,2.8,0,2,128,10108,85,6
20230902,26.8,16.8,20.6,3.6,0,0,146,10207,78,5
20230903,30,13.4,20.1,11.2,0,0,227,10266,73,0
20230904,30.5,16.1,23.1,11.4,0,0,232,10225,65,1
20230905,31.6,15.8,23.1,11.3,0,0,219,10174,64,0
20230906,32.3,16.7,24.1,9.9,0,0,187,10186,63,0
20230907,30.5,18.7,25.5,10.6,0,0,212,10169,63,1
20230908,33,18.9,24.7,3.5,0,0,141,10164,63,6
20230909,30.3,18.8,25.9,10.8,0,0,198,10157,58,2
20230910,26.5,18.9,24.6,5.7,0,0,125,10148,71,2
20230911,24.2,18.6,22.6,4.1,0,0,151,10134,73,6
20230912,21.6,17.5,20.9,0.4,0,72,94,10140,81,8
20230913,24.4,13.9,17.8,3.5,0,0,121,10212,71,7
20230914,25.8,13.2,18.8,10.3,0,0,204,10206,68,2
20230915,27,11.6,18.7,7.8,0,0,161,10147,71,1
20230916,22.6,13.9,20.4,6.8,0,0,153,10131,68,3
20230917,21,16.1,19.4,0.9,0,148,77,10103,85,7
20230918,20.2,15.8,18.4,3.8,0,6,114,10025,80,6
20230919,20.9,12.5,16.4,0,0,0,56,10059,79,7
20230920,18.9,16.2,18.6,0.4,0,268,47,9985,83,8
20230921,18.7,10.9,14.9,6.9,0,60,145,9958,83,5
20230922,19.1,10.3,14.5,6.4,0,2,138,10018,80,5
20230923,21.7,8.3,13.7,7.2,0,0,163,10158,71,2
20230924,22.8,11.1,16.4,0.9,0,2,97,10177,74,6
20230925,23.4,15.7,19.2,8.2,0,0,167,10187,74,5
20230926,21.8,12,17.7,4.6,0,0,124,10171,79,6
20230927,19.6,13.4,17.6,1,0,0,80,10135,81,7
20230928,20.4,15.3,17.4,0.8,0,34,77,10129,73,7
20230929,20.1,15.3,17.9,8.2,0,0,162,10182,74,5
20230930,22.2,11.6,15.8,4.9,0,0,125,10244,76,7
20231001,19.1,14.6,18.4,0.2,0,0,63,10202,84,6
20231002,19.3,15.5,17.3,0,0,12,38,10158,92,8
20231003,19,12,15.7,7,0,0,128,10191,76,5
20231004,19.9,11,15,2.6,0,0,104,10260,75,6
20231005,21.7,13.2,16.6,1.9,0,0,89,10244,73,7
20231006,25.4,13.5,17.6,6.1,0,0,120,10232,78,5
20231007,25.5,14.3,19.9,7.3,0,0,132,10231,75,2
20231008,24.7,12,18.8,8.4,0,0,0,10241,73,3
20231009,23.2,12.7,18.7,6.9,0,0,119,10215,76,2
20231010,20.2,13.3,18.2,8,0,0,127,10172,82,2
20231011,19.7,14.4,17.3,0.1,0,92,54,10128,85,8
20231012,20.7,12.4,16.1,0,0,114,33,10117,95,8
20231013,13.9,12.8,16.8,1.6,0,44,58,10021,87,7
20231014,11.4,7.1,10.5,6.3,0,4,108,10173,77,1
20231015,12.7,3.2,7.3,9.4,0,0,135,10258,71,1
20231016,15.3,1.7,7.2,3,0,0,84,10218,78,7
20231017,17.2,6.5,10.9,4.7,0,0,95,10139,67,6
20231018,18.8,11.1,14.2,0,0,104,31,9946,84,8
20231019,18.7,12.5,15.7,0.7,0,360,53,9836,90,8
20231020,17.9,14.1,16.4,2.2,0,6,64,9767,90,7
20231021,16.8,11.5,14.7,1.5,0,44,60,9850,91,7
20231022,15.2,6.8,11.8,7.9,0,0,110,10052,81,2
20231023,16,6.6,10.9,1.3,0,36,62,10073,87,5
20231024,15.3,9.6,12.8,4.3,0,14,87,10010,85,5
20231025,17,8.3,11.8,3.6,0,46,77,9960,86,7
20231026,15.1,8.8,12.9,3.7,0,2,76,9912,88,5
20231027,15.8,6.8,10.9,3,0,4,70,9903,89,5
20231028,12.2,8.1,11.9,2.8,0,136,67,9875,91,7
20231029,15.9,8.8,10.5,1.9,0,52,38,9883,89,5
20231030,16.2,8.8,12.3,4,0,2,65,9954,86,4
20231031,14.6,4.6,10.4,2.5,0,96,63,10003,91,7
20231101,11.3,9.9,12.2,2.9,0,150,56,9909,86,6
20231102,15.1,9,10.2,0,0,56,22,9668,89,8
20231103,14.2,7.7,11.4,1.7,0,50,45,9820,82,5
20231104,13.8,3.4,8.8,2.2,0,32,48,9703,91,5
20231105,13.8,6.9,10.3,6,0,0,74,9808,82,5
20231106,13.4,7.2,10.5,6.9,0,0,78,9986,81,1
20231107,13.1,5.5,9.4,4.8,0,14,64,10084,85,1
20231108,12.3,6.1,9.6,0,0,40,20,10048,90,8
20231109,9.8,5,8.7,3.2,0,22,52,9971,83,6
20231110,11.3,6.2,8,0.4,0,14,27,9966,86,5
20231111,15.3,1.9,6.6,6.3,0,0,69,10070,86,1
20231112,16.2,2.9,9.1,0,0,156,19,10038,94,7
20231113,13.1,7,11.6,3.3,0,0,50,9988,80,6
20231114,12.2,10.9,12,0.9,0,106,31,10047,87,3
20231115,8.7,7.9,10.1,5.8,0,0,63,10163,82,2
20231116,12.8,4.4,6.5,0,0,10,18,10142,92,8
20231117,15.6,3,7.9,5.5,0,36,60,10198,87,4
20231118,14.7,5.6,10.6,0,0,4,17,10113,91,8
20231119,12.7,11.2,12.9,0.9,0,6,29,10078,80,6
20231120,10.9,8.1,10.4,1.4,0,2,32,10097,85,6
20231121,11.4,8.9,9.9,0,0,4,16,10230,86,8
20231122,13.7,5.2,8.3,0,0,0,16,10300,88,6
20231123,9.3,6.8,10.2,4.5,0,0,50,10252,86,4
20231124,6.6,8.8,9.1,2.2,0,0,36,10217,64,5
20231125,9.9,-0.4,3.1,6.7,0,0,60,10217,75,2
20231126,10,-1.3,4.3,0,0,60,15,10153,94,7
20231127,8,0.8,5.4,0,0,20,15,10007,92,8
20231128,7.6,3.7,5.8,4.2,0,2,46,10094,85,4
20231129,4.2,2,4.8,4.2,0,0,45,10051,84,6
20231130,4,-2.3,0.9,0.9,0,0,25,10033,88,2
20231201,5.6,-1.4,1.3,1.3,0,0,26,10086,90,4
20231202,8.6,-1.4,2.1,0,0,4,13,10161,96,8
20231203,8,-3.1,2.8,0,0,76,13,10104,94,8
20231204,7.3,5.5,6.8,0,0,34,13,9974,95,8
20231205,7.2,5.5,6.4,0,0,4,13,10085,92,8
20231206,8.9,0.8,4,5.3,0,12,45,10175,92,3
20231207,11.8,1.3,5.1,0,0,28,13,10073,89,8
20231208,13.4,5.7,8.8,3.6,0,66,37,10045,88,4
20231209,12.5,7.6,10.5,0.9,0,32,22,9969,82,6
20231210,11.5,7.5,10,0.5,0,24,18,10017,82,4
20231211,11.6,8.8,10.2,1.7,0,62,26,10036,79,6
20231212,8.2,6.2,8.9,1,0,26,22,9979,94,7
20231213,8.5,7.6,7.9,0,0,6,12,10032,89,8
20231214,10.5,2.5,5.5,0,0,6,12,10219,91,7
20231215,11.5,4,7.2,0,0,0,12,10358,82,6
20231216,12.1,5.5,8.5,0,0,0,12,10388,90,8
20231217,12.8,9.3,10.7,1.6,0,0,25,10343,80,8
20231218,12.3,9.3,11.1,0,0,62,12,10284,82,8
20231219,12.4,10.6,11.4,0,0,84,12,10205,92,6
20231220,14.4,3.9,8.2,1,0,0,22,10185,85,5
20231221,12.6,7.3,10.8,0.3,0,6,16,10085,73,7
20231222,13.6,8.8,10.7,0,0,0,12,10131,74,7
20231223,15.3,8.4,11,1.2,0,8,23,10134,78,7
20231224,12.9,10.2,12.8,0,0,28,12,10065,85,8
20231225,12.1,11.6,12.2,0,0,18,12,10074,90,8
20231226,12.4,6.2,9.2,1.2,0,12,23,10154,83,5
20231227,12.6,5.5,8.9,0,0,46,12,10067,89,8
20231228,11.9,9.7,11.2,0.2,0,48,15,10051,81,7
20231229,12.2,9.2,10.6,0.7,0,0,20,10071,78,6
20231230,10.7,5.6,8.9,0,0,56,12,10046,87,7
20231231,12.4,5.7,8.2,0.5,0,16,18,9891,85,7
